#→ｴﾝｶｳﾝﾄ数,17EE,1,2,3,4,5,6,7,8,9,10,11,12,13,14,15,16,17,18,19,20,21,22,23,24,25,26,27,28,29,30,31,32,33,34,35,36,37,38,39,40,41,42,43,44,45,46,47,48,49,50,51,52,53,54,55,56,57,58,59,60,61,62,63,64,65,66,67,68,69,70,71,72,73,74,75,76,77,78,79,80,81,82,83,84,85,86,87,88,89,90,91,92,93,94,95,96,97,98,99,100,101,102,103,104,105,106,107,108,109,110,111,112,113,114,115,116,117,118,119,120,121,122,123,124,125,126,127,128,129,130,131,132,133,134,135,136,137,138,139,140,141,142,143,144,145,146,147,148,149,150,151,152,153,154,155,156,157,158,159,160,161,162,163,164,165,166,167,168,169,170,171,172,173,174,175,176,177,178,179,180,181,182,183,184,185,186,187,188,189,190,191,192,193,194,195,196,197,198,199,200,201,202,203,204,205,206,207,208,209,210,211,212,213,214,215,216,217,218,219,220,221,222,223,224,225,226,227,228,229,230,231,232,233,234,235,236,237,238,239,240,241,242,243,244,245,246,247,248,249,250,251,252,253,254
ゴブ3,FA,1,5,6,1,2,2,2,6,4,2,5,3,4,7,3,5,3,4,2,2,4,2,1,4,5,3,6,5,5,7,5,6,4,4,1,7,1,8,2,4,2,2,2,5,3,3,3,6,5,4,4,4,6,5,5,1,7,1,6,4,6,6,4,2,7,1,1,6,5,6,2,3,5,6,1,3,4,5,5,3,3,7,4,3,1,4,3,7,4,5,3,4,6,6,6,2,6,8,1,5,1,1,4,2,2,3,2,3,3,2,3,3,3,1,4,4,4,4,5,5,8,6,2,6,5,6,1,5,1,1,7,1,1,1,2,2,4,1,3,1,4,6,3,5,8,2,7,4,4,3,1,2,3,5,3,4,2,4,7,7,3,1,1,1,1,2,4,5,3,4,2,2,2,3,3,1,2,4,5,1,1,4,7,7,2,3,6,2,6,3,1,2,1,1,1,5,3,1,3,2,1,1,2,6,3,4,6,2,3,4,1,3,7,4,2,3,3,4,4,2,6,2,6,7,6,1,4,1,1,4,4,5,5,2,2,4,6,3,3,6,3,6,2,3,2,4,5,5,3,5,5,6,2,6
ゴブ3,FC,1,5,7,1,2,3,2,6,4,2,5,3,4,7,3,5,3,4,2,2,4,2,1,4,5,3,6,6,5,7,5,6,4,4,1,7,1,1,2,4,2,2,2,5,3,3,3,6,5,4,4,4,6,5,5,1,7,1,6,4,6,6,4,2,7,1,1,6,5,6,2,3,5,6,1,3,4,5,5,3,4,7,4,3,2,4,4,8,4,5,3,4,6,6,6,2,6,1,1,5,1,1,4,2,2,3,2,3,3,2,3,3,3,1,4,4,4,4,5,5,8,6,2,6,5,6,1,5,1,1,8,1,1,1,2,2,4,1,3,2,5,6,3,5,8,2,7,4,4,3,1,2,3,5,3,4,2,4,7,7,3,1,1,1,1,2,4,5,3,4,2,3,2,3,3,1,2,4,5,1,1,4,7,7,2,3,6,2,6,3,1,2,1,1,1,5,3,1,3,2,1,1,2,6,3,4,6,2,3,4,1,3,7,4,2,3,3,4,4,2,6,2,7,7,6,1,4,1,1,5,4,5,5,2,2,4,6,3,3,6,3,6,2,3,2,4,6,5,3,5,5,6,2,6
ゴブ3,FE,1,5,7,1,2,3,2,6,5,2,5,3,4,7,3,5,3,4,2,2,4,2,2,4,5,3,6,6,5,7,5,6,4,4,1,7,1,1,2,4,2,2,2,5,3,3,3,6,5,4,4,4,6,5,6,1,8,1,6,4,6,6,4,2,7,1,1,6,5,6,2,3,5,6,1,3,4,5,5,3,4,7,4,3,2,4,4,8,4,5,3,4,6,7,6,3,6,1,1,5,1,1,4,2,2,3,2,3,3,2,3,3,4,1,4,4,4,4,5,5,1,6,2,6,5,6,1,5,1,1,8,1,1,1,2,2,4,1,3,2,5,6,3,5,1,2,8,4,4,3,1,2,3,5,3,4,2,5,7,7,4,1,1,1,1,2,4,6,3,4,2,3,2,3,3,1,3,4,5,1,1,4,7,7,2,3,6,2,6,3,1,2,1,1,1,5,3,1,3,2,2,1,2,6,3,4,6,2,3,4,1,3,7,4,2,3,3,4,4,2,6,2,7,7,7,1,4,1,1,5,4,5,5,2,2,4,6,3,3,6,3,6,2,3,2,4,6,5,3,5,5,6,2,6
ゴブ3,0,1,5,7,1,2,3,2,6,5,2,5,3,4,7,3,5,3,4,2,2,4,2,2,4,5,3,6,6,5,7,5,6,4,4,1,7,1,1,2,4,2,2,3,5,3,3,3,6,5,4,4,4,6,5,6,1,8,1,6,4,6,6,4,2,7,1,1,7,5,6,2,3,5,6,1,3,4,5,5,3,4,8,4,3,2,5,4,1,4,6,3,4,6,7,6,3,6,1,1,5,1,2,4,2,2,3,2,3,3,2,3,3,4,1,4,4,4,5,5,5,1,6,2,6,5,6,1,5,1,1,1,1,1,2,2,2,4,1,3,2,5,6,3,6,1,2,8,4,4,3,1,2,3,5,3,4,2,5,7,7,4,1,1,1,1,2,4,6,3,4,2,3,2,3,3,1,3,4,5,1,1,4,8,7,2,3,6,2,6,3,1,2,1,1,1,5,3,1,3,2,2,1,2,6,3,4,6,2,4,4,1,3,7,4,2,4,3,4,4,3,6,2,7,7,7,1,4,1,1,5,4,5,5,2,2,4,6,3,3,6,3,6,2,3,2,4,6,5,3,5,5,7,2,6
ゴブ3,2,1,5,7,1,3,3,2,6,5,2,5,3,4,7,3,6,3,4,2,2,4,2,2,4,5,3,6,6,5,7,5,6,5,4,1,7,1,1,2,4,2,2,3,5,3,3,4,6,5,4,4,4,6,6,6,1,1,1,6,4,6,6,4,2,7,1,1,7,5,6,2,3,5,6,1,3,5,5,5,3,4,8,4,3,2,5,4,1,4,6,3,4,6,7,6,3,7,1,1,5,1,2,4,2,2,3,2,3,3,2,3,3,4,1,4,4,4,5,5,5,1,6,3,6,5,6,1,5,1,1,1,1,1,2,2,2,4,1,3,2,5,6,3,6,1,2,1,4,4,3,1,2,3,5,3,4,2,5,7,8,4,1,1,1,1,2,4,6,3,4,2,3,2,3,3,1,3,4,5,1,1,4,8,8,2,3,6,2,6,3,1,2,1,1,1,5,3,2,3,2,2,2,2,6,3,4,7,2,4,4,1,3,7,4,2,4,3,4,4,3,6,2,7,7,7,1,4,1,1,5,4,5,5,2,2,4,6,4,3,6,3,6,2,3,2,4,6,5,3,5,5,7,2,6
ゴブ3,4,1,5,7,1,3,3,2,6,5,2,5,3,4,7,3,6,3,4,2,2,4,2,2,4,5,3,6,6,5,7,5,6,5,4,1,7,1,1,2,4,2,2,3,5,3,3,4,6,5,4,4,4,6,6,6,1,1,1,6,4,6,6,4,2,7,1,1,7,5,6,2,3,5,6,2,3,5,5,5,4,4,1,4,3,2,5,4,1,4,6,4,4,6,7,6,3,7,1,1,6,1,2,4,2,2,3,2,3,3,2,3,3,4,1,4,4,4,5,5,5,1,6,3,6,5,6,1,5,1,1,1,1,1,2,2,2,4,1,3,2,5,6,3,6,1,2,1,4,4,3,1,2,3,5,3,4,2,5,7,8,4,1,1,1,1,3,4,6,3,4,3,3,2,3,3,2,3,4,5,1,1,4,1,8,2,3,6,2,6,3,1,2,1,1,1,5,3,2,3,2,2,2,2,6,3,4,7,2,4,4,1,3,7,5,2,4,3,4,4,3,6,2,7,8,7,1,4,1,1,5,4,5,5,2,2,4,6,4,3,7,3,6,2,3,2,5,6,5,3,6,5,7,2,7
ゴブ3,6,1,5,7,1,3,3,2,6,5,2,5,3,4,8,3,6,3,4,2,2,5,2,2,4,6,3,6,6,5,7,5,6,5,4,1,8,2,1,2,4,2,2,3,5,3,3,4,6,5,4,4,4,7,6,6,1,1,1,6,4,7,6,4,2,7,1,1,7,5,6,2,3,5,6,2,3,5,5,5,4,4,1,4,3,2,5,4,1,4,6,4,4,6,7,6,3,7,1,1,6,1,2,4,2,2,3,2,3,3,2,3,4,4,1,4,4,4,5,5,5,1,6,3,6,5,6,1,5,2,1,1,1,1,2,2,2,4,1,3,2,5,6,3,6,1,2,1,4,4,3,1,2,3,5,3,4,2,5,7,1,4,1,1,1,1,3,4,6,3,4,3,3,2,3,3,2,3,4,5,1,1,4,1,1,2,3,6,2,6,3,1,2,1,1,1,5,3,2,3,2,2,2,3,6,3,5,7,2,4,4,1,3,7,5,2,4,3,4,4,3,6,2,7,8,7,1,4,1,1,5,4,5,6,2,3,4,6,4,4,7,3,6,2,3,2,5,6,5,3,6,5,7,2,7
ゴブ3,8,1,5,7,1,3,3,2,6,5,3,5,3,4,8,3,6,3,4,2,2,5,2,2,4,6,3,6,6,5,7,5,6,5,4,1,8,2,1,2,4,2,3,3,5,3,3,4,6,5,4,5,4,7,6,6,1,1,1,6,4,7,6,4,2,8,1,1,7,6,7,2,3,5,6,2,3,5,5,5,4,4,1,4,3,2,5,4,1,4,6,4,4,7,7,6,3,7,1,1,6,2,2,4,2,2,3,2,3,3,2,3,4,4,1,4,4,4,5,5,5,1,6,3,6,6,6,1,5,2,1,1,1,2,2,2,2,4,1,3,2,5,6,3,6,1,2,1,4,4,3,1,2,3,5,3,4,2,5,7,1,4,1,1,1,1,3,4,6,4,4,3,3,2,3,3,2,3,4,5,1,1,4,1,1,2,3,6,2,6,3,1,2,1,1,1,5,3,2,4,2,2,2,3,6,3,5,7,2,4,4,1,3,8,5,2,4,3,4,4,3,6,2,7,1,7,1,4,1,1,5,5,5,6,2,3,4,6,4,4,7,3,6,2,3,2,5,6,5,3,6,5,7,2,7
ゴブ3,0A,1,5,7,1,3,3,2,7,5,3,5,3,4,1,4,6,3,4,2,2,5,3,2,4,6,3,6,6,6,8,5,6,5,4,1,1,2,1,2,4,2,3,3,5,3,3,4,6,5,4,5,4,7,6,6,2,1,1,6,4,7,6,4,2,8,1,1,7,6,7,2,4,5,6,2,3,5,5,6,4,4,1,4,3,2,5,4,1,4,6,4,4,7,7,6,3,7,1,1,6,2,2,4,2,2,3,2,3,3,2,3,4,4,1,4,4,4,5,5,5,1,6,3,6,6,6,1,5,2,1,1,1,2,2,2,2,4,1,3,2,5,6,3,6,1,2,1,4,5,3,1,2,3,5,3,4,2,5,8,1,4,1,1,1,2,3,4,6,4,4,3,3,2,3,3,2,3,4,5,1,1,5,1,1,2,3,6,3,7,3,1,2,1,1,1,5,3,2,4,2,2,2,3,6,3,5,7,2,4,4,1,3,8,5,2,4,3,4,4,3,6,2,7,1,7,1,4,1,1,5,5,5,6,2,3,4,6,4,4,7,3,6,2,3,2,5,6,5,3,6,5,7,2,7
ゴブ3,0C,1,5,8,2,3,3,2,7,5,3,5,3,4,1,4,6,3,4,2,2,5,3,2,4,6,3,6,6,6,8,6,6,5,4,1,1,2,1,2,5,2,3,3,5,3,3,4,6,5,4,5,4,7,6,6,2,1,1,6,4,7,6,4,2,1,1,1,7,6,7,2,4,5,6,2,3,5,5,6,4,4,1,4,3,2,5,4,1,4,6,4,4,7,7,6,3,7,1,1,6,2,2,5,2,2,3,2,3,3,2,3,4,4,1,4,4,4,5,5,5,1,6,3,6,6,6,1,5,2,1,1,1,2,2,2,2,4,1,3,2,5,7,3,6,1,3,1,4,5,3,1,2,4,5,3,4,2,5,8,1,4,1,1,1,2,3,4,6,4,4,3,3,2,3,3,2,3,4,5,1,1,5,1,1,2,3,6,3,7,3,1,2,1,1,1,5,3,2,4,2,2,2,3,6,3,5,7,2,4,4,1,3,1,5,2,4,3,4,4,3,7,2,8,1,7,1,4,1,2,5,5,5,6,2,3,4,6,4,4,7,4,6,2,3,2,5,6,5,3,6,6,7,3,7
ゴブ3,0E,1,5,8,2,3,3,2,7,5,3,5,3,4,1,4,6,3,4,2,2,5,3,2,4,6,3,6,6,6,1,6,6,5,4,1,1,2,1,2,5,2,3,3,6,3,3,4,6,5,4,5,5,7,6,6,2,1,1,6,4,7,6,4,2,1,1,1,7,6,7,2,4,5,6,2,3,5,5,6,4,4,1,4,3,2,5,4,1,4,6,4,5,7,8,6,3,7,1,1,6,2,2,5,2,2,3,2,3,3,2,4,4,4,1,4,4,4,5,5,5,1,7,3,6,6,6,1,5,2,1,1,1,2,2,2,2,4,1,3,2,5,7,4,6,1,3,1,4,5,3,1,2,4,5,3,4,2,5,1,1,4,1,1,1,2,3,4,6,4,4,3,3,3,3,3,2,3,4,6,1,1,5,1,1,2,3,6,3,7,3,2,2,2,1,1,5,3,2,4,2,2,2,3,6,3,5,7,2,4,4,1,3,1,5,2,4,3,4,4,3,7,2,8,1,8,1,4,1,2,5,5,5,6,3,3,4,6,4,4,7,4,7,2,3,2,5,6,5,3,6,6,7,3,7
ゴブ3,10,1,5,1,2,3,3,2,7,5,3,5,3,4,1,4,6,3,4,2,2,5,3,2,4,6,3,6,6,6,1,6,7,5,4,1,1,2,1,2,5,3,3,3,6,3,3,4,6,5,4,5,5,7,6,6,2,1,1,6,4,7,6,4,3,1,1,1,8,6,7,2,4,5,6,2,3,5,5,6,4,4,1,4,3,2,5,4,1,4,6,4,5,7,8,6,3,7,1,1,6,2,2,5,2,2,3,2,4,3,2,4,4,4,1,4,5,4,5,5,6,1,7,3,7,6,6,1,5,2,1,1,2,2,2,2,2,4,2,3,2,5,7,4,6,1,3,1,4,5,3,1,2,4,6,3,4,2,5,1,1,4,1,1,1,2,3,4,6,4,4,3,3,3,3,4,2,3,4,6,1,1,5,1,1,2,3,6,3,7,3,2,2,2,1,1,5,3,2,4,2,2,2,3,6,3,5,7,2,4,4,1,3,1,5,2,4,3,5,4,3,7,2,1,1,8,1,4,1,2,5,5,5,6,3,3,4,6,4,4,7,4,7,2,3,2,5,6,5,3,6,6,8,3,7
ゴブ3,12,1,5,1,2,3,3,2,7,5,3,5,3,4,1,4,6,3,4,2,2,5,3,2,4,6,3,6,6,6,1,6,7,5,4,1,1,2,1,2,5,3,3,3,6,3,3,4,6,5,4,5,5,7,6,6,2,1,1,6,4,7,6,4,3,1,1,1,8,6,7,2,4,6,7,2,3,5,5,6,4,4,1,4,3,2,5,4,1,4,6,4,5,7,1,7,3,8,1,1,6,2,2,5,2,3,3,2,4,3,2,4,4,4,1,4,5,4,5,5,6,1,7,3,7,6,6,1,5,2,1,1,2,2,2,2,2,4,2,3,2,5,7,4,6,1,3,1,5,5,3,2,2,4,6,3,4,2,5,1,1,4,1,1,2,2,3,4,6,4,4,3,3,3,3,4,2,3,4,6,1,1,5,1,1,2,3,6,3,7,3,2,3,2,1,1,5,3,2,4,2,2,2,3,6,3,5,8,2,4,4,1,3,1,5,2,4,4,5,4,3,7,2,1,1,1,1,4,1,2,5,5,6,6,3,3,5,6,4,4,7,4,7,2,4,2,5,6,5,3,6,6,8,3,7
ゴブ3,14,1,5,1,2,3,3,2,7,5,3,5,3,5,1,4,6,3,4,3,2,5,3,2,4,6,3,6,6,6,1,6,7,5,4,1,1,2,1,2,5,3,3,3,6,3,4,4,6,5,4,5,5,7,6,6,2,1,1,6,4,7,6,5,3,1,1,1,1,6,7,2,4,6,7,2,3,5,6,6,4,4,1,4,3,2,5,4,1,4,6,4,5,7,1,7,3,8,1,1,6,2,2,5,2,3,3,2,4,3,2,4,4,4,1,4,5,4,5,5,6,1,7,3,7,6,7,1,5,2,1,1,2,2,2,2,2,4,2,3,2,5,7,4,6,1,3,1,5,5,4,2,2,4,6,3,4,2,5,1,1,4,1,1,2,2,3,4,6,4,4,3,3,3,3,4,2,3,4,6,1,1,5,1,1,2,3,6,3,7,3,2,3,2,1,1,5,3,2,4,2,2,2,3,7,3,5,8,2,4,4,1,3,1,5,3,4,4,5,4,3,7,2,1,1,1,1,4,2,2,5,5,6,6,3,3,5,6,4,4,8,4,7,2,4,2,5,6,6,3,6,6,1,3,8
ゴブ3,16,1,6,1,2,3,3,2,7,5,3,5,3,5,1,4,6,3,4,3,2,5,3,2,4,6,3,7,6,6,1,6,7,5,4,2,1,2,1,2,5,3,3,3,6,4,4,4,6,5,4,5,5,8,6,6,2,1,1,6,4,8,6,5,3,1,1,2,1,6,7,2,4,6,7,2,3,5,6,6,4,4,1,4,4,2,5,4,1,4,6,4,5,7,1,7,3,1,1,1,6,2,2,5,2,3,3,3,4,3,2,4,4,4,1,4,5,5,5,5,6,1,7,3,7,6,7,1,6,2,1,1,2,2,2,2,2,5,2,3,2,5,7,4,6,1,3,1,5,5,4,2,2,4,6,3,4,2,5,1,1,4,1,1,2,2,3,4,6,4,4,3,3,3,3,4,2,3,4,6,1,1,5,1,1,3,3,6,3,7,3,2,3,2,1,1,5,3,2,4,2,2,2,3,7,3,5,1,2,4,4,1,3,1,5,3,4,4,5,4,3,7,2,1,1,1,1,4,2,2,5,5,6,6,3,3,5,7,4,4,8,4,7,2,4,2,5,6,6,3,6,6,1,3,8
ゴブ3,18,1,6,1,2,3,3,2,7,5,3,5,3,5,1,4,6,3,4,3,3,5,3,2,4,6,3,7,6,6,1,6,7,5,4,2,1,2,1,2,5,3,3,3,6,4,4,4,7,6,4,5,5,8,6,6,2,1,1,7,4,8,6,5,3,1,1,2,1,6,8,2,4,6,7,2,3,5,6,6,4,4,1,5,4,2,5,4,1,4,6,4,5,8,1,7,3,1,1,2,6,2,2,5,2,3,4,3,4,3,2,4,4,4,2,5,5,5,5,6,6,1,7,3,7,6,7,1,6,2,1,1,2,2,2,2,2,5,2,3,2,5,7,4,6,1,3,1,5,5,4,2,2,4,6,3,4,3,5,1,1,4,1,1,2,2,3,4,6,4,4,3,3,3,4,4,2,3,4,6,1,1,5,1,1,3,3,6,3,7,3,2,3,2,1,1,5,3,2,4,2,2,2,3,7,3,5,1,2,4,4,1,3,1,5,3,4,4,5,4,3,7,2,1,1,1,1,4,2,2,5,5,6,6,3,3,5,7,4,4,1,4,7,2,4,2,5,6,6,3,6,6,1,3,1
ゴブ3,1A,1,6,1,2,3,3,2,8,5,3,6,3,5,1,4,6,3,4,3,3,5,3,2,4,6,4,7,6,6,1,6,7,5,5,2,1,2,1,2,5,3,3,3,6,4,4,4,7,6,4,5,5,1,6,6,2,1,1,7,4,1,7,5,3,1,1,2,1,6,8,2,4,6,7,2,3,5,6,6,4,4,1,5,4,2,5,4,1,4,6,4,5,8,1,7,3,1,1,2,6,2,2,5,3,3,4,3,4,3,2,4,4,4,2,5,5,5,5,6,6,1,7,3,7,6,7,1,6,2,1,1,2,2,2,2,2,5,2,3,2,5,7,4,6,1,3,1,5,5,4,2,2,4,6,3,4,3,5,1,1,4,1,2,2,2,3,4,6,4,4,3,3,3,4,4,2,3,4,6,1,1,5,1,1,3,3,7,3,8,3,2,3,2,1,2,6,3,2,4,2,2,2,3,7,3,5,1,2,4,4,1,4,1,5,3,4,4,5,5,3,7,3,1,1,1,1,4,2,2,5,5,6,6,3,3,5,7,4,4,1,4,7,2,4,2,5,6,6,3,6,6,1,3,1
ゴブ3,1C,1,6,1,2,3,3,2,8,5,3,6,3,5,1,4,6,3,4,3,3,5,3,2,4,6,4,7,7,6,1,6,7,5,5,2,1,2,1,2,5,3,3,3,6,4,4,4,7,6,4,5,5,1,6,6,2,1,2,7,4,1,7,5,3,1,1,2,1,6,1,2,4,6,7,2,3,5,6,6,4,4,1,5,4,2,5,4,1,4,6,4,5,1,1,7,3,1,1,2,6,2,2,5,3,3,4,3,4,3,3,4,4,4,2,5,5,5,5,6,6,1,7,3,7,6,7,1,6,2,1,1,2,2,2,2,3,5,2,3,2,6,8,4,6,1,3,1,5,5,4,2,2,4,6,4,4,3,5,1,1,4,1,2,2,2,3,5,6,4,4,3,3,3,4,4,2,3,4,6,1,1,5,1,1,3,4,7,3,8,3,2,3,2,1,2,6,3,2,4,2,2,2,3,7,3,5,1,2,4,4,2,4,1,5,3,4,4,5,5,3,8,3,1,1,1,1,5,2,2,6,5,6,6,3,3,5,7,4,4,1,4,7,2,4,2,5,7,6,3,6,6,1,3,1
ゴブ3,1E,1,6,1,2,3,3,2,1,6,3,6,3,5,1,4,6,3,5,3,3,5,3,2,4,6,4,7,7,6,1,6,7,5,5,2,1,2,1,2,5,3,3,3,6,4,4,4,7,6,5,5,5,1,6,7,2,1,2,7,4,1,7,5,3,1,2,2,1,6,1,2,4,6,7,2,3,5,6,6,4,4,1,5,4,2,5,4,1,4,6,4,5,1,1,7,3,1,1,2,6,2,2,5,3,3,4,3,4,4,3,4,4,4,2,5,5,5,5,6,6,1,8,3,7,6,7,1,6,2,1,1,2,2,2,2,3,5,2,3,2,6,8,4,6,1,3,1,5,5,4,2,3,4,6,4,4,3,6,1,1,4,1,2,2,2,3,5,7,4,4,3,3,3,4,4,2,3,4,6,2,1,5,1,1,3,4,7,3,1,3,2,3,2,1,2,6,3,2,4,3,2,2,3,7,3,5,1,2,4,4,2,4,1,5,3,4,4,5,5,3,8,3,1,1,1,1,5,2,2,6,5,6,6,3,3,5,7,4,4,1,4,8,2,4,2,5,7,6,4,6,6,1,3,1
ゴブ3,20,1,6,1,2,3,3,3,1,6,3,6,3,5,1,4,6,3,5,3,3,5,3,2,4,6,4,7,7,6,1,6,8,5,5,2,1,2,1,3,5,3,3,3,6,4,4,4,7,6,5,5,5,1,6,7,2,1,2,7,5,1,7,5,3,1,2,2,1,6,1,2,4,6,7,2,4,5,6,6,4,4,1,5,4,2,6,4,1,5,7,4,5,1,1,7,3,1,1,2,6,2,2,5,3,3,4,3,4,4,3,4,4,4,2,5,5,5,6,6,6,1,8,3,8,6,7,2,6,2,2,1,2,2,2,2,3,5,2,4,2,6,1,4,7,1,3,1,5,5,4,2,3,4,6,4,4,3,6,1,1,4,1,2,2,2,3,5,7,4,4,3,3,3,4,4,2,3,4,6,2,1,5,1,1,3,4,7,3,1,3,2,3,2,1,2,6,3,2,4,3,2,2,3,7,3,5,1,2,4,4,2,4,1,5,3,4,4,5,5,3,1,3,1,1,1,1,5,2,2,6,5,6,6,3,3,5,7,4,4,1,4,8,2,4,2,5,7,6,4,6,6,1,3,1
ゴブ3,22,1,6,1,2,3,3,3,1,6,3,6,3,5,1,4,7,4,5,3,3,5,3,2,4,6,4,7,7,6,1,6,8,6,5,2,1,2,1,3,5,3,3,3,6,4,4,4,7,6,5,5,5,1,7,7,2,1,2,7,5,1,7,5,3,1,2,2,1,6,1,3,4,6,8,2,4,6,6,6,4,4,1,5,4,2,6,4,1,5,7,4,5,1,1,8,3,1,1,2,6,2,2,5,3,3,4,3,4,4,3,4,4,4,2,5,5,5,6,6,6,1,1,3,8,6,7,2,6,2,2,1,2,2,2,2,3,5,2,4,2,6,1,4,7,1,3,1,5,5,4,2,3,4,6,4,4,3,6,1,1,4,2,2,2,2,3,5,7,4,5,3,3,3,4,4,2,3,5,6,2,1,5,1,1,3,4,7,3,1,3,2,3,2,2,2,6,4,2,4,3,2,2,3,7,3,5,1,2,4,4,2,4,1,5,3,4,4,5,5,3,1,3,1,1,1,1,5,2,2,6,5,6,6,3,3,5,7,4,4,1,4,1,2,4,3,5,7,6,4,6,6,1,3,1
目玉2,24,2,6,1,2,3,3,3,1,6,3,6,4,5,1,4,7,4,5,3,3,5,3,2,5,6,4,7,7,6,1,6,1,6,5,2,1,2,1,3,5,3,3,3,6,4,4,4,7,6,5,5,5,1,7,7,2,1,2,7,5,1,7,5,3,1,2,2,1,6,1,3,4,6,8,2,4,6,6,6,4,4,1,5,4,2,6,4,1,5,7,4,5,1,1,8,3,1,1,2,7,2,2,5,3,3,4,3,4,4,3,4,4,4,2,5,5,5,6,6,6,1,1,3,1,6,8,2,6,2,2,1,2,2,2,3,3,5,2,4,2,6,1,4,7,1,3,1,5,5,4,2,3,4,6,4,4,3,6,1,1,4,2,2,2,2,3,5,7,4,5,3,3,3,4,4,2,3,5,6,2,1,5,1,1,3,4,7,3,1,3,2,3,2,2,2,6,4,2,4,3,2,2,3,8,4,5,1,2,4,5,2,4,1,6,3,4,4,5,5,3,1,3,1,1,1,2,5,2,2,6,5,6,6,3,3,5,7,4,4,1,4,1,3,4,3,6,7,6,4,7,6,1,3,1
目玉2,26,2,6,1,2,3,4,3,1,6,3,6,4,5,1,4,7,4,5,3,3,6,3,2,5,7,4,8,7,6,1,6,1,6,5,2,1,2,1,3,5,3,3,3,6,4,4,4,7,6,5,5,5,1,7,7,2,1,2,7,5,1,7,5,3,1,2,2,1,6,1,3,4,6,1,2,4,6,6,6,4,4,1,5,4,3,6,5,1,5,7,4,5,1,1,1,3,1,2,2,7,2,2,5,3,3,4,3,4,4,3,4,4,4,2,5,5,5,6,6,6,1,1,3,1,6,8,2,6,2,2,1,2,2,2,3,3,5,2,4,2,6,1,4,7,1,3,1,5,5,4,2,3,4,6,4,5,3,6,1,1,4,2,2,2,2,3,5,7,4,5,3,3,3,4,4,2,3,5,6,2,2,5,1,1,3,4,7,3,1,4,2,3,2,2,2,6,4,2,4,3,2,2,3,8,4,6,1,3,4,5,2,4,1,6,3,4,4,5,5,3,1,3,1,1,1,2,5,2,2,6,5,6,7,3,3,5,8,4,4,1,4,1,3,4,3,6,7,6,4,7,6,1,3,1
目玉2,28,2,6,1,2,3,4,3,1,6,3,6,4,5,1,4,7,4,5,3,3,6,3,2,5,7,4,8,7,6,1,6,1,6,5,2,1,2,2,3,5,3,3,3,6,4,4,4,8,6,5,6,5,1,7,7,2,1,2,8,5,1,7,5,3,1,2,2,1,7,1,3,4,6,1,2,4,6,6,6,4,5,1,5,4,3,6,5,1,5,7,4,5,1,1,1,4,1,2,2,7,2,2,5,3,3,4,3,4,4,3,4,4,5,2,5,5,5,6,6,6,2,1,3,1,7,1,2,6,2,2,1,2,2,2,3,3,5,2,4,3,6,1,4,7,1,3,1,5,5,4,2,3,4,6,4,5,3,6,1,1,4,2,2,2,2,3,5,7,4,5,3,4,3,4,4,2,3,5,6,2,2,5,1,1,3,4,7,3,1,4,2,3,2,2,2,6,4,2,4,3,3,2,3,1,4,6,1,3,4,5,2,4,1,6,3,4,4,5,5,3,1,3,1,1,1,2,5,2,2,6,6,6,7,3,3,5,8,4,4,1,4,1,3,4,3,6,7,6,4,7,6,1,3,1
目玉2,2A,2,6,1,2,3,4,3,1,6,3,6,4,5,1,4,7,4,5,3,3,6,3,3,5,7,4,1,7,7,1,6,1,6,5,2,1,2,2,3,5,3,3,3,6,4,4,4,8,6,5,6,5,1,7,7,2,1,2,8,5,1,8,5,3,1,2,2,1,7,1,3,4,6,1,2,4,6,6,7,4,5,1,5,4,3,6,5,1,5,7,4,5,1,1,1,4,1,2,2,7,2,3,5,3,3,4,3,4,4,3,4,4,5,2,5,5,5,6,6,6,2,1,3,1,7,1,2,6,2,2,2,2,2,2,3,3,5,2,4,3,6,1,4,7,2,3,1,5,6,4,2,3,4,6,4,5,3,6,1,1,5,2,2,2,2,3,5,7,4,5,3,4,3,4,4,2,4,5,6,2,2,6,1,1,3,4,8,3,1,4,2,3,2,2,2,6,4,2,4,3,3,2,3,1,4,6,1,3,4,5,2,4,1,6,3,5,4,5,5,4,1,3,1,1,1,2,5,2,2,6,6,6,7,3,3,5,1,4,4,1,4,1,3,4,3,6,7,6,4,7,6,1,3,1
目玉2,2C,2,6,1,2,4,4,3,1,6,3,6,4,5,1,4,7,4,5,3,3,6,3,3,5,7,4,1,8,7,1,7,1,6,5,2,1,2,2,3,6,3,3,4,6,4,4,5,1,6,5,6,5,1,7,7,2,2,2,1,5,1,8,5,3,1,2,2,1,7,1,3,4,6,1,2,4,6,6,7,4,5,1,5,4,3,6,5,2,5,7,4,5,1,1,1,4,1,2,2,7,2,3,6,3,3,4,3,4,4,3,4,4,5,2,5,5,5,6,6,6,2,1,3,1,7,1,2,6,2,2,2,2,2,3,3,3,5,2,4,3,6,1,4,7,2,3,1,5,6,4,2,3,4,6,4,5,3,6,1,1,5,2,2,2,2,3,5,7,4,5,3,4,3,4,4,2,4,5,6,2,2,6,1,1,3,4,8,3,1,4,2,3,2,2,2,6,4,2,4,3,3,3,3,1,4,6,1,3,5,5,2,4,1,6,3,5,4,5,5,4,1,3,1,1,1,2,5,2,2,6,6,6,7,3,3,5,1,4,4,1,4,1,3,4,3,6,8,6,4,7,7,1,3,1
目玉2,2E,2,6,1,2,4,4,3,1,6,3,6,4,5,1,4,7,4,5,3,3,6,3,3,5,7,4,1,8,7,1,7,1,6,5,2,1,2,2,3,6,3,3,4,7,4,4,5,1,6,5,6,6,1,7,8,2,2,2,1,5,1,1,5,3,1,2,2,1,7,1,3,4,6,1,2,4,6,6,7,4,5,1,5,4,3,6,5,2,5,7,5,6,1,1,1,4,1,2,2,7,2,3,6,3,3,4,3,4,4,3,4,4,5,2,5,5,5,6,6,6,2,1,4,1,7,1,2,6,2,2,2,2,2,3,3,3,5,2,4,3,6,1,4,7,2,3,2,5,6,4,2,3,4,6,4,5,3,6,1,1,5,2,2,2,2,4,5,8,4,5,3,4,3,4,4,3,4,5,7,2,2,6,2,1,3,4,1,3,1,4,2,3,2,2,2,6,4,3,4,3,3,3,3,1,4,6,1,3,5,5,2,4,1,6,3,5,4,5,5,4,1,3,1,1,1,2,5,2,2,6,6,6,7,3,3,5,1,5,4,1,4,1,3,4,3,6,8,6,4,7,7,1,3,1
目玉2,30,2,6,1,2,4,4,3,1,6,3,6,4,5,1,4,7,4,5,3,3,6,3,3,5,7,4,1,1,7,1,7,1,6,5,2,1,3,2,3,6,3,3,4,7,4,4,5,1,6,5,6,6,1,7,8,2,2,2,1,5,1,1,5,3,1,2,2,1,7,1,3,4,6,1,3,4,6,6,7,5,5,2,5,4,3,6,5,2,5,8,5,6,1,1,1,4,1,2,2,7,2,3,6,3,3,4,3,4,4,3,4,5,5,2,5,6,5,6,6,7,2,1,4,1,7,1,2,6,2,2,2,2,2,3,3,3,5,2,4,3,6,1,4,8,2,3,2,5,6,4,2,3,4,7,4,5,3,6,1,2,5,2,2,2,2,4,5,8,4,5,4,4,3,4,4,3,4,5,7,2,2,6,2,1,3,4,1,3,1,4,2,3,2,2,2,6,4,3,4,3,3,3,4,1,4,6,1,3,5,5,2,4,1,6,3,5,4,6,5,4,1,3,1,1,1,2,5,2,2,6,6,6,7,3,3,5,1,5,4,1,4,1,3,4,3,6,1,6,4,7,7,1,3,1
目玉2,32,2,6,1,2,4,4,3,1,6,4,6,4,5,1,4,8,4,5,3,3,6,3,3,5,7,4,1,1,7,1,7,1,6,5,2,1,3,2,3,6,3,3,4,7,4,4,5,1,6,5,6,6,1,8,1,2,2,2,1,5,1,1,5,3,1,2,2,1,7,1,3,4,7,1,3,4,6,6,7,5,5,2,5,4,3,6,5,2,5,8,5,6,1,1,1,4,1,2,2,7,3,3,6,3,3,4,3,4,4,3,4,5,5,2,5,6,5,6,6,7,2,1,4,1,7,1,2,6,3,2,2,2,2,3,3,3,5,2,4,3,6,1,4,8,2,3,2,6,6,4,2,3,4,7,4,5,3,6,1,2,5,2,2,2,2,4,5,1,5,5,4,4,3,4,4,3,4,5,7,2,2,6,2,2,3,4,1,3,1,4,2,3,2,2,2,6,4,3,4,3,3,3,4,1,4,6,1,3,5,5,2,4,1,6,3,5,4,6,5,4,1,3,1,2,1,2,5,2,2,6,6,7,7,3,4,6,1,5,5,1,4,1,3,4,3,6,1,6,4,7,7,1,3,1
目玉2,34,2,6,1,2,4,4,3,1,6,4,6,4,6,1,4,8,4,5,3,3,6,3,3,5,7,4,1,1,7,1,7,1,6,5,2,2,3,2,3,6,3,4,4,7,4,4,5,1,6,5,6,6,1,8,1,2,2,2,1,5,1,1,6,3,1,2,2,1,7,1,3,5,7,1,3,4,6,7,7,5,5,2,5,4,3,6,5,2,5,1,5,6,1,1,1,4,1,2,2,8,3,3,6,3,3,4,3,4,4,3,4,5,5,2,5,6,5,6,6,7,2,1,4,1,7,1,2,6,3,2,2,2,3,3,3,3,5,2,4,3,6,1,4,1,2,3,2,6,6,4,2,3,4,7,4,5,3,6,1,2,5,2,2,2,3,4,5,1,5,5,4,4,3,4,4,3,4,5,7,2,2,6,2,2,3,4,1,4,1,4,2,3,2,2,2,6,4,3,5,3,3,3,4,1,4,6,1,3,5,5,2,4,1,6,3,5,4,6,5,4,1,3,1,2,1,2,5,2,2,6,6,7,7,3,4,6,1,5,5,1,4,1,3,4,3,6,1,7,4,8,7,1,3,1
目玉2,36,2,7,1,2,4,4,3,1,6,4,6,4,6,2,5,1,4,5,3,3,6,4,3,5,8,4,1,1,7,1,7,1,6,5,2,2,3,2,3,6,3,4,4,7,4,4,5,1,6,5,6,6,1,1,1,3,2,2,1,5,1,1,6,3,1,2,2,1,7,1,3,5,7,1,3,4,6,7,7,5,5,2,5,4,3,6,5,2,5,1,5,6,1,1,1,4,1,2,2,8,3,3,6,3,3,4,3,4,4,3,4,5,5,2,5,6,6,6,6,7,2,1,4,1,7,1,2,7,3,2,2,2,3,3,3,3,6,2,4,3,6,1,4,1,2,3,2,6,6,4,2,3,4,7,4,5,3,6,1,2,5,2,2,2,3,4,5,1,5,5,4,4,3,4,4,3,4,5,7,2,2,6,2,2,3,4,1,4,1,4,2,3,2,2,2,6,4,3,5,3,3,3,4,1,4,6,1,3,5,5,2,4,2,6,3,5,4,6,5,4,1,3,1,2,1,2,5,2,3,6,6,7,8,3,4,6,1,5,5,1,5,1,3,4,3,6,1,7,4,8,7,1,4,1
目玉2,38,2,7,1,3,4,4,3,1,6,4,6,4,6,2,5,1,4,5,3,3,6,4,3,5,8,4,1,1,7,1,7,1,6,5,2,2,3,2,3,6,3,4,4,7,4,4,5,1,7,5,6,6,1,1,1,3,2,2,1,5,1,1,6,3,2,2,2,1,8,1,3,5,7,1,3,4,6,7,7,5,5,2,6,4,3,6,5,2,5,1,5,6,1,1,1,4,1,2,2,1,3,3,6,3,3,4,3,4,4,3,5,5,5,2,6,6,6,6,7,7,2,1,4,1,8,1,2,7,3,2,2,2,3,3,3,3,6,2,4,3,6,1,4,1,2,4,2,6,6,4,2,3,5,7,4,5,3,6,2,2,5,2,2,2,3,4,5,1,5,5,4,4,4,4,4,3,4,5,7,2,2,6,2,2,3,4,1,4,1,4,2,3,3,2,2,6,4,3,5,3,3,3,4,1,4,6,1,3,5,5,2,4,2,6,3,5,4,6,5,4,1,3,1,2,1,2,5,2,3,6,6,7,8,3,4,6,1,5,5,1,5,1,3,4,3,6,1,7,4,1,7,1,4,1
目玉2,3A,2,7,1,3,4,4,3,1,6,4,7,4,6,2,5,1,4,5,3,3,6,4,3,5,1,4,1,1,8,2,7,1,6,6,2,2,3,2,3,6,3,4,4,7,4,4,5,1,7,5,6,6,1,1,1,3,2,2,1,5,1,1,6,4,2,2,2,1,8,1,3,5,7,1,3,4,6,7,8,5,5,2,6,4,3,6,5,2,5,1,5,6,1,1,1,4,1,2,2,1,3,3,6,3,3,4,3,4,4,3,5,5,5,2,6,6,6,6,7,7,2,1,4,1,8,1,2,7,3,2,2,3,3,3,3,3,6,2,4,3,6,1,5,1,2,4,2,6,6,4,2,3,5,7,4,5,3,6,2,2,5,2,2,2,3,4,5,1,5,5,4,4,4,4,5,3,4,5,7,2,2,6,2,2,3,4,1,4,1,4,3,3,3,2,2,7,4,3,5,3,3,3,4,1,4,6,1,3,5,5,2,4,2,6,3,5,4,6,6,4,1,3,2,2,1,2,5,2,3,6,6,7,1,4,4,6,1,5,5,1,5,1,3,4,3,6,1,7,4,1,7,1,4,1
目玉2,3C,2,7,2,3,4,4,3,1,6,4,7,4,6,2,5,1,4,5,3,3,6,4,3,5,1,4,1,1,8,2,8,1,6,6,2,2,3,2,3,6,4,4,4,7,4,4,5,1,7,5,6,6,1,1,1,3,2,2,1,5,1,1,6,4,2,2,2,1,1,1,3,5,7,1,3,4,6,7,8,5,5,2,6,4,3,6,5,2,5,1,5,6,1,2,1,4,1,2,2,1,3,3,6,3,3,4,3,5,4,3,5,5,5,2,6,6,6,6,7,7,2,1,4,1,1,1,2,7,3,2,2,3,3,3,3,3,6,3,4,3,7,1,5,1,2,4,2,6,6,4,2,3,5,7,4,5,3,6,2,2,5,2,2,3,3,4,6,1,5,5,4,4,4,4,5,3,4,5,7,2,2,6,2,2,3,4,1,4,1,4,3,4,3,2,2,7,4,3,5,3,3,3,4,1,4,6,1,3,5,5,2,4,2,6,3,5,5,6,6,4,1,3,2,2,1,2,6,2,3,7,6,7,1,4,4,6,1,5,5,1,5,1,3,4,3,6,1,7,4,1,8,1,4,1
目玉2,3E,2,7,2,3,4,4,3,1,7,4,7,4,6,2,5,1,4,6,4,3,6,4,3,5,1,4,1,1,1,2,8,1,6,6,2,2,3,2,3,6,4,4,4,8,4,5,5,1,7,6,6,6,1,1,1,3,2,2,1,5,1,1,6,4,2,2,2,2,1,1,3,5,7,1,3,4,6,7,1,5,5,2,6,4,3,6,5,2,5,1,5,6,1,2,1,4,1,2,2,1,3,3,6,3,4,4,3,5,4,3,5,5,5,2,6,6,6,6,7,7,2,1,4,1,1,1,2,7,3,2,2,3,3,3,3,3,6,3,4,3,7,1,5,1,2,4,2,6,6,4,3,3,5,7,4,5,3,7,2,2,5,2,2,3,3,4,6,1,5,5,4,4,4,4,5,3,4,5,8,2,2,6,2,2,3,4,1,4,1,4,3,4,3,2,2,7,4,3,5,3,3,3,4,1,4,6,1,3,5,5,2,4,2,6,3,5,5,6,6,4,1,3,2,2,2,2,6,3,3,7,6,7,1,4,4,6,1,5,5,1,5,1,3,5,3,6,1,7,4,1,8,1,4,1
目玉2,40,2,7,2,3,4,4,3,1,7,4,7,4,6,2,5,1,4,6,4,3,6,4,3,5,1,4,1,1,1,2,1,1,6,6,3,2,3,2,3,6,4,4,4,8,5,5,5,1,7,6,6,6,1,1,1,3,2,2,1,6,1,1,6,4,2,2,2,2,1,1,3,5,7,1,3,4,6,7,1,5,5,2,6,4,3,7,5,2,6,1,5,6,1,2,1,4,2,2,2,1,3,3,6,3,4,4,3,5,4,3,5,5,5,2,6,6,6,7,7,8,2,1,4,1,1,1,2,7,3,2,2,3,3,3,3,3,6,3,4,3,7,1,5,1,2,4,2,6,6,5,3,3,5,8,4,5,3,7,2,2,5,2,2,3,3,4,6,1,5,5,4,4,4,4,5,3,4,5,8,2,2,6,2,2,4,4,1,4,1,4,3,4,3,2,2,7,4,3,5,3,3,3,4,1,4,6,1,3,5,5,2,4,2,6,4,5,5,6,6,4,1,3,2,2,2,2,6,3,3,7,6,7,1,4,4,6,1,5,5,1,5,1,3,5,3,6,1,7,4,1,1,2,4,1
目玉2,42,2,7,2,3,4,4,3,1,7,4,7,4,6,2,5,1,4,6,4,3,6,4,3,5,1,4,1,1,1,2,1,1,7,6,3,2,3,2,3,6,4,4,4,1,5,5,5,1,7,6,6,6,1,1,1,3,2,2,1,6,1,1,6,4,2,2,3,2,1,1,3,5,8,1,3,4,7,7,1,5,5,2,6,5,3,7,5,2,6,1,5,6,1,2,1,4,2,2,3,1,3,3,6,3,4,4,4,5,4,3,5,5,5,2,6,6,6,7,7,8,2,1,4,1,1,1,2,7,3,2,2,3,3,3,3,3,6,3,4,3,7,1,5,1,2,4,2,6,6,5,3,3,5,8,4,5,4,7,2,2,5,2,2,3,3,4,6,1,5,6,4,4,4,5,5,3,4,6,1,2,2,6,2,2,4,4,1,4,1,4,3,4,3,2,2,7,4,3,5,3,3,3,4,1,4,6,2,3,5,5,2,4,2,6,4,5,5,6,6,4,1,3,2,2,2,2,6,3,3,7,6,8,1,4,4,6,1,5,5,2,5,1,3,5,3,6,1,7,4,1,1,2,4,1
目玉2,44,2,7,2,3,4,4,3,1,7,4,7,4,6,2,5,1,4,6,4,4,6,4,3,6,1,5,1,1,1,2,1,1,7,6,3,2,3,2,3,6,4,4,4,1,5,5,5,1,7,6,6,6,2,1,1,3,2,2,1,6,1,1,6,4,2,2,3,2,1,1,3,5,8,1,3,4,7,8,1,5,5,2,6,5,3,7,5,2,6,1,5,6,1,2,1,4,2,2,3,1,3,3,6,3,4,5,4,5,4,3,5,5,5,3,6,6,6,7,7,1,2,1,4,1,1,1,2,7,3,2,2,3,3,3,3,3,6,3,4,3,7,1,5,1,2,4,2,6,6,5,3,3,5,1,4,5,4,7,2,2,5,2,3,3,3,4,6,1,5,6,4,4,4,5,5,3,4,6,1,2,2,6,2,2,4,4,1,4,1,4,3,4,3,2,2,7,4,3,5,3,3,3,4,1,4,6,2,3,5,6,2,4,2,7,4,5,5,6,6,4,1,4,2,2,2,2,6,3,3,7,6,8,1,4,4,6,1,5,5,2,5,1,3,5,3,7,1,8,4,1,1,2,4,2
目玉2,46,2,8,2,3,4,4,3,1,7,4,7,4,6,2,5,1,4,6,4,4,7,4,3,6,1,5,1,1,1,2,1,1,7,6,3,2,3,2,3,6,4,4,4,1,5,5,5,1,7,6,6,6,2,1,1,3,2,2,1,6,2,1,6,4,2,2,3,2,1,1,3,5,1,1,3,4,7,8,1,5,5,2,6,5,3,7,6,2,6,1,5,6,2,2,1,4,2,2,3,1,3,3,6,4,4,5,4,5,4,3,5,5,5,3,6,6,6,7,7,1,2,1,4,1,1,1,2,8,3,2,2,3,3,3,3,4,6,3,4,3,7,1,5,1,2,4,2,6,6,5,3,3,5,1,5,6,4,7,2,2,5,2,3,3,3,4,6,1,5,6,4,4,4,5,5,3,4,6,1,2,2,6,2,2,4,4,1,4,1,4,3,4,3,2,3,7,4,3,5,3,3,3,4,1,4,7,2,3,5,6,3,5,2,7,4,5,5,6,6,4,1,4,2,2,2,2,6,3,3,7,6,1,1,4,4,6,1,5,5,2,5,1,3,5,3,7,1,8,4,1,1,2,4,2
目玉2,48,2,8,2,3,4,4,3,2,7,4,7,4,6,2,5,1,4,6,4,4,7,4,3,6,1,5,1,1,1,2,1,1,7,6,3,2,3,2,3,6,4,4,4,1,5,5,5,1,8,6,7,6,2,1,1,3,2,3,1,6,2,1,6,4,2,2,3,2,1,2,3,5,1,1,3,4,7,1,1,5,6,2,6,5,3,7,6,2,6,1,5,6,2,2,1,4,2,2,3,1,3,3,6,4,4,5,4,5,5,4,5,5,6,3,6,6,6,7,8,1,2,1,4,1,1,1,2,8,3,2,2,3,3,3,3,4,6,3,4,3,7,1,5,1,2,4,2,6,6,5,3,3,5,1,5,6,4,7,2,2,5,2,3,3,3,4,6,1,5,6,4,4,4,5,5,3,4,6,1,3,2,6,2,2,4,5,1,4,1,4,3,4,3,2,3,7,4,3,5,4,3,3,4,1,4,7,2,3,5,6,3,5,2,7,4,5,5,6,6,4,1,4,2,2,2,2,6,3,3,7,7,1,1,4,4,6,1,5,5,2,5,1,3,5,3,7,1,1,4,1,1,2,4,2
目玉2,4A,2,1,2,3,4,4,4,2,7,4,8,4,6,2,5,1,4,6,4,4,7,4,3,6,1,5,1,1,1,2,1,1,7,6,3,2,3,2,3,6,4,4,4,1,5,5,5,1,8,6,7,6,2,1,1,3,2,3,1,6,2,1,6,4,2,3,3,2,1,2,3,5,1,1,3,4,7,1,1,5,6,2,6,5,3,7,6,2,6,1,5,6,2,2,1,4,2,2,3,1,3,3,6,4,4,5,4,5,5,4,5,5,6,3,6,6,6,7,8,1,2,1,4,1,1,1,3,1,3,2,2,3,3,3,3,4,6,3,5,3,7,1,5,1,2,4,2,6,7,5,3,4,5,1,5,6,4,7,2,2,6,2,3,3,3,4,6,1,5,6,4,4,4,5,5,3,4,6,1,3,2,7,2,2,4,5,1,4,2,4,3,4,3,2,3,8,4,3,5,4,3,3,4,1,4,7,2,3,5,6,3,5,2,7,4,6,5,6,6,4,2,4,2,2,2,2,6,3,3,7,7,1,1,4,4,6,1,5,5,2,5,1,3,5,3,7,1,1,5,1,1,2,4,2
目玉2,4C,2,1,2,3,4,4,4,2,7,4,8,4,6,2,5,1,5,6,4,4,7,4,3,6,1,5,1,1,1,2,1,1,7,6,3,2,3,2,4,7,4,4,4,1,5,5,6,1,1,6,7,6,2,1,1,3,2,3,1,6,2,1,6,4,2,3,3,2,1,2,4,5,1,1,3,5,7,1,1,5,6,2,6,5,3,7,6,2,6,1,5,6,2,2,1,4,2,2,3,1,3,3,7,4,4,5,4,5,5,4,5,5,6,3,6,6,6,7,1,1,2,1,4,1,1,1,3,1,3,3,2,3,3,3,3,4,6,3,5,3,8,2,5,1,2,4,2,6,7,5,3,4,5,1,5,6,4,7,2,2,6,3,3,3,3,4,6,1,5,6,4,4,4,5,5,3,4,6,1,3,2,7,2,2,4,5,1,4,2,4,3,4,3,2,3,8,4,3,5,4,3,3,4,1,4,7,2,3,6,6,3,5,2,7,4,6,5,6,6,4,2,4,2,2,2,2,6,3,3,8,7,1,1,4,4,6,1,5,5,2,5,2,3,5,3,7,1,1,5,1,1,2,4,2
目玉2,4E,2,1,2,3,4,4,4,2,8,4,1,5,6,2,5,1,5,6,4,4,7,4,3,6,1,5,1,1,1,2,1,2,7,6,3,2,3,2,4,7,4,4,4,1,5,5,6,1,1,6,7,7,2,1,1,3,2,3,1,6,2,1,6,4,2,3,3,2,1,2,4,5,1,1,3,5,7,1,1,5,6,2,6,5,3,7,6,2,6,1,6,7,2,2,1,4,2,2,3,1,3,3,7,4,4,5,4,5,5,4,5,5,6,3,6,6,6,7,1,1,2,2,4,1,1,1,3,1,3,3,2,3,3,3,4,4,6,3,5,3,8,2,5,1,2,4,2,6,7,5,3,4,5,1,5,6,4,8,2,2,6,3,3,3,3,4,6,1,5,6,4,4,4,5,5,3,4,6,1,3,2,7,2,2,4,5,1,4,2,4,3,4,3,3,3,1,5,3,5,4,3,3,4,1,4,7,2,3,6,6,3,5,2,7,4,6,5,6,6,4,2,4,2,2,2,3,6,3,3,8,7,1,1,4,4,6,1,6,5,2,5,2,3,5,4,7,1,1,5,1,1,2,4,2
目玉1鳥2,50,3,1,2,3,4,4,4,2,8,4,1,5,6,2,5,1,5,6,4,4,7,4,3,6,1,5,1,1,1,2,1,2,7,6,3,2,3,2,4,7,4,4,4,1,5,5,6,1,1,6,7,7,2,1,1,3,2,3,1,6,2,1,6,4,2,3,3,2,1,2,4,5,1,1,3,5,7,1,1,6,6,2,6,5,3,8,6,2,6,1,6,7,2,2,2,4,2,2,3,1,3,3,7,4,4,5,4,5,5,4,5,6,6,3,6,7,6,8,1,1,2,2,4,2,1,1,3,1,3,3,2,3,3,3,4,4,6,3,5,3,1,2,5,1,2,4,2,6,7,5,3,4,5,1,5,6,4,8,2,2,6,3,3,3,3,4,6,1,5,6,4,4,4,5,5,3,4,6,1,3,3,7,2,2,4,5,1,4,2,5,3,4,3,3,3,1,5,3,5,4,3,3,4,1,5,7,2,4,6,6,3,5,2,7,4,6,5,7,6,4,2,4,2,2,2,3,6,3,3,1,7,1,1,4,4,6,1,6,5,2,5,2,4,5,4,7,1,1,5,1,1,2,4,2
目玉1鳥2,52,3,1,2,3,4,5,4,2,1,4,1,5,6,2,5,1,5,6,4,4,7,4,3,6,1,5,1,1,1,2,1,2,8,6,3,2,3,3,4,7,4,4,4,1,5,5,6,1,1,6,7,7,2,1,1,3,2,3,1,6,2,1,6,4,2,3,3,2,1,2,4,5,1,2,3,5,8,1,1,6,6,2,6,5,4,8,6,2,6,1,6,7,2,2,2,4,2,3,3,1,3,3,7,4,4,5,4,5,5,4,5,6,6,3,6,7,6,8,1,1,2,2,4,2,1,1,3,1,3,3,2,3,3,3,4,4,6,3,5,4,1,2,5,1,2,4,2,7,7,5,3,4,5,1,5,6,4,1,2,2,6,3,3,3,3,4,6,1,6,6,4,5,4,5,5,3,4,6,1,3,3,7,2,2,4,5,1,4,2,5,3,4,3,3,3,1,5,3,5,4,3,3,4,2,5,7,2,4,6,6,3,5,2,7,4,6,5,7,6,4,2,4,2,2,2,3,6,3,3,1,7,1,1,4,4,7,1,6,6,2,5,2,4,5,4,7,1,1,5,1,1,2,4,2
目玉1鳥2,54,3,1,2,3,4,5,4,2,1,4,1,5,7,2,5,1,5,6,4,4,7,4,4,6,1,5,2,1,1,2,1,2,8,6,3,2,3,3,4,7,4,4,4,1,5,5,6,1,1,6,7,7,2,1,1,3,2,3,1,6,2,1,7,4,2,3,3,2,1,2,4,6,1,2,3,5,8,1,1,6,6,2,6,5,4,1,6,2,6,1,6,7,2,2,2,5,2,3,3,1,3,3,7,4,4,5,4,5,5,4,5,6,6,3,6,7,6,1,1,1,3,2,4,2,1,2,3,1,3,3,2,3,3,3,4,4,6,3,5,4,1,2,5,1,3,4,2,7,7,5,3,4,5,1,5,6,4,1,2,2,6,3,3,3,3,4,6,1,6,6,4,5,4,5,5,3,5,6,1,3,3,7,2,2,4,5,1,4,2,5,3,4,3,3,3,1,5,3,6,4,4,3,4,2,5,7,2,4,6,6,3,5,2,8,4,6,5,7,6,4,2,4,2,2,2,3,6,3,3,1,7,1,1,4,4,7,1,6,6,2,5,2,4,5,4,8,1,1,5,1,1,2,4,2
目玉1鳥2,56,3,1,2,3,4,5,4,2,1,4,1,5,7,2,6,1,5,6,4,4,8,4,4,6,1,5,2,1,1,2,1,2,1,6,3,2,3,3,4,7,4,4,5,1,5,5,6,2,1,6,7,7,2,1,1,3,2,3,1,6,2,1,7,4,2,3,3,2,1,2,4,6,1,2,3,5,1,1,1,6,6,2,6,5,4,1,6,3,6,1,6,7,2,2,2,5,2,3,3,1,3,4,7,4,4,5,4,5,5,4,5,6,6,3,6,7,7,1,1,1,3,2,4,2,1,2,3,1,3,3,3,3,3,4,4,4,7,3,5,4,1,2,5,1,3,4,2,7,7,5,3,4,5,1,5,6,4,1,2,2,6,3,3,3,3,4,6,1,6,6,4,5,4,5,5,3,5,6,1,3,3,7,2,2,4,5,1,4,2,5,3,4,3,3,3,1,5,3,6,4,4,3,4,2,5,8,2,4,6,6,3,5,2,8,4,6,5,7,6,5,2,4,2,2,2,3,6,3,3,1,7,1,1,4,4,7,2,6,6,2,6,2,4,5,4,8,1,1,5,1,1,2,4,2
目玉1鳥2,58,3,1,2,3,5,5,4,2,1,4,1,5,7,2,6,1,5,6,4,4,8,4,4,6,1,5,2,1,1,2,1,2,1,6,3,2,3,3,4,7,4,4,5,1,5,5,6,2,1,6,8,7,2,1,1,3,3,3,2,6,2,2,7,4,2,3,3,2,1,2,4,6,1,2,3,5,1,1,1,6,6,2,7,5,4,1,6,3,6,1,6,7,2,2,2,5,2,3,3,1,3,4,7,4,4,5,4,5,5,4,6,6,6,3,7,7,7,1,1,1,3,2,5,2,1,2,3,1,3,3,3,3,3,4,4,4,7,3,5,4,1,2,5,1,3,4,3,7,7,5,3,4,6,1,5,6,4,1,2,2,6,3,3,3,3,4,6,1,6,6,4,5,4,5,5,3,5,6,1,3,3,7,2,2,4,5,1,4,2,5,3,4,3,3,3,1,5,4,6,4,4,4,4,2,5,8,2,4,6,6,3,5,2,1,4,6,5,7,6,5,2,4,2,2,2,3,6,3,3,1,8,1,1,4,4,7,2,6,6,2,6,2,4,5,4,1,1,1,5,1,1,2,4,2
目玉1鳥2,5A,3,1,2,3,5,5,4,2,1,4,1,5,7,2,6,1,5,6,4,4,1,4,4,6,1,5,2,2,1,2,1,2,1,7,3,2,3,3,4,7,4,4,5,1,5,5,6,2,1,6,8,7,2,1,1,3,3,3,2,6,2,2,7,4,2,3,3,2,1,2,4,6,1,2,4,5,1,1,1,6,6,3,7,5,4,1,6,3,6,1,6,7,2,2,2,5,2,3,3,1,3,4,7,4,4,5,4,5,5,4,6,6,6,3,7,7,7,1,1,1,3,2,5,2,1,2,3,1,3,3,3,3,3,4,4,4,7,3,5,4,1,2,6,1,3,4,3,7,8,5,3,4,6,1,5,6,4,1,2,2,6,3,3,3,3,5,6,1,6,6,5,5,4,5,6,4,5,6,1,3,3,8,3,2,4,5,2,4,2,5,3,4,3,3,3,1,5,4,6,4,4,4,4,2,5,1,2,4,6,6,3,5,2,1,4,6,5,7,7,5,2,4,2,2,2,3,6,3,3,1,8,1,1,4,4,7,2,6,6,2,6,2,4,5,4,1,1,1,5,1,1,2,4,2
目玉1鳥2,5C,3,1,2,3,5,5,4,2,1,4,1,5,7,2,6,1,5,6,4,4,1,4,4,6,1,5,2,2,1,2,1,2,1,7,3,2,4,3,4,8,4,4,5,1,5,5,6,2,1,6,1,7,2,1,1,3,3,3,2,6,2,2,7,4,2,3,3,2,1,2,4,6,1,2,4,5,1,1,1,6,6,3,7,5,4,1,6,3,6,1,6,7,2,2,2,5,2,3,3,1,3,4,8,4,4,5,4,6,5,4,6,6,6,3,7,7,7,1,1,1,3,2,5,2,1,2,3,1,4,3,3,3,3,4,4,4,7,3,5,4,1,2,6,1,3,4,3,7,8,5,3,4,6,1,5,6,4,1,2,3,6,3,3,3,3,5,7,2,6,6,5,5,4,5,6,4,5,6,1,3,3,8,3,3,4,5,2,4,2,5,3,4,3,3,3,1,5,4,6,4,4,4,5,2,5,1,2,4,6,6,3,5,2,1,4,6,6,7,7,5,2,4,2,2,2,3,7,3,3,1,1,1,1,4,5,7,2,6,6,2,6,2,4,5,4,1,2,1,5,1,1,2,4,2
目玉1鳥2,5E,3,1,2,3,5,5,4,2,1,5,1,5,7,2,6,1,5,7,4,4,1,4,4,6,1,5,2,2,1,2,1,2,1,7,3,2,4,3,4,8,4,5,5,1,5,6,6,2,1,7,1,8,2,1,2,3,3,3,2,6,2,2,7,4,2,3,3,2,1,2,4,6,1,2,4,5,1,1,1,6,6,3,7,5,4,1,6,3,6,2,6,8,2,2,2,5,2,3,3,1,4,4,8,4,4,5,4,6,5,4,6,6,6,3,7,7,7,1,1,1,3,2,5,2,1,2,3,1,4,3,3,3,4,4,4,4,7,3,5,4,1,2,6,1,3,4,3,7,1,5,3,4,6,1,5,6,4,1,2,3,6,3,3,3,3,5,7,2,6,6,5,5,4,5,6,4,5,6,1,3,3,1,3,3,4,5,2,4,2,5,3,4,3,3,3,1,5,4,6,4,4,4,5,2,5,1,2,4,6,6,3,5,2,1,4,6,6,7,7,5,2,4,2,3,2,3,7,3,3,1,1,1,1,4,5,7,2,6,6,2,6,2,4,6,4,1,2,1,5,1,1,2,4,2
目玉1鳥2,60,3,1,2,3,5,5,4,2,1,5,1,5,7,3,6,2,5,7,4,4,1,5,4,6,1,5,2,2,1,2,1,2,1,7,3,3,4,3,4,1,4,5,5,1,6,6,6,2,1,7,1,8,2,1,2,4,3,3,2,7,2,2,7,4,2,3,3,2,1,2,4,6,1,2,4,5,1,1,1,6,6,3,7,5,4,1,6,3,7,2,6,8,2,2,2,5,2,3,3,1,4,4,1,4,4,5,4,6,5,4,6,6,6,3,7,8,7,1,1,1,3,2,5,2,1,2,3,1,4,3,3,3,4,4,4,4,7,3,5,4,1,2,6,2,3,4,3,7,1,6,3,4,6,1,5,6,4,1,2,3,6,3,3,3,4,5,7,2,6,6,5,5,4,5,6,4,5,6,1,3,3,1,3,3,4,5,2,5,2,5,3,4,3,3,3,1,5,4,6,4,4,4,5,2,5,1,2,4,6,6,3,5,2,1,4,6,6,8,7,5,2,4,2,3,2,3,7,3,3,1,1,1,1,4,5,7,2,6,6,2,6,2,4,6,4,1,2,1,5,1,1,2,4,2
目玉1鳥2,62,3,1,2,4,5,5,4,2,1,5,1,5,7,3,6,2,5,7,4,4,1,5,4,6,1,5,2,2,1,2,1,2,1,7,3,3,4,3,4,1,4,5,5,1,6,6,6,2,1,7,1,1,2,2,2,4,3,3,2,7,2,2,7,4,3,3,3,2,1,2,4,6,1,2,4,5,1,1,1,6,6,3,7,6,4,1,6,3,7,2,6,1,2,2,2,5,2,3,3,2,4,4,1,4,4,5,4,6,5,4,6,6,6,3,7,8,7,1,1,1,3,2,5,2,1,2,3,1,4,3,3,3,4,4,4,4,7,3,5,4,1,2,6,2,3,5,3,8,1,6,3,4,6,1,5,6,4,1,2,3,6,3,3,3,4,5,7,2,6,7,5,5,4,6,6,4,5,7,1,3,3,1,3,3,4,5,2,5,2,5,3,4,3,3,3,1,5,4,6,4,4,4,5,2,5,1,2,4,6,6,3,5,3,1,4,6,6,8,7,5,2,4,2,3,2,3,7,3,4,1,1,1,1,4,5,8,2,6,6,2,6,2,4,6,4,1,2,1,5,1,1,2,5,2
目玉1鳥2,64,3,1,2,4,5,5,4,2,1,5,1,5,8,3,6,2,5,7,4,4,1,5,4,7,2,6,2,2,1,3,1,2,1,7,3,3,4,3,4,1,4,5,5,1,6,6,6,2,1,7,1,1,2,2,2,4,3,3,2,7,2,2,8,4,3,3,3,2,1,2,4,6,1,2,4,5,1,1,1,6,6,3,7,6,4,1,6,3,7,2,6,1,2,2,2,5,2,3,3,2,4,4,1,4,4,6,4,6,5,4,6,6,6,3,7,1,7,1,1,1,3,2,5,2,1,2,3,1,4,3,3,3,4,4,4,4,7,3,5,4,1,2,6,2,3,5,3,8,1,6,3,4,6,1,5,6,4,1,3,3,6,3,3,3,4,5,7,2,6,7,5,5,5,6,6,4,5,7,1,3,3,1,3,3,4,5,2,5,2,5,4,4,4,3,3,1,5,4,6,4,4,4,5,2,5,1,2,4,6,7,3,5,3,1,4,6,6,1,7,5,2,4,2,3,2,3,7,3,4,1,1,1,1,5,5,8,2,6,6,2,6,2,4,6,4,1,2,1,5,2,1,2,5,2
目玉1鳥2,66,3,1,3,4,5,5,4,2,1,5,1,5,8,3,6,2,5,7,4,4,1,5,4,7,2,6,2,2,1,3,1,2,1,7,3,3,4,3,4,1,5,5,5,1,6,6,6,2,1,7,1,1,2,2,2,4,3,3,2,7,2,2,8,5,3,3,3,2,1,2,4,6,1,2,4,5,1,1,1,6,6,3,7,6,4,1,7,3,7,2,6,1,2,2,2,5,2,3,3,2,4,4,1,4,4,6,4,6,5,4,6,6,6,3,7,1,8,1,1,1,3,2,5,2,2,2,3,1,4,3,3,4,4,4,4,4,8,4,5,4,1,2,6,2,3,5,3,1,1,6,3,4,6,1,6,7,4,1,3,3,6,3,3,3,4,5,7,2,6,7,5,5,5,6,6,4,5,7,1,3,3,1,3,3,4,5,2,5,2,5,4,4,4,3,3,1,5,4,6,4,4,4,5,2,5,1,2,4,6,7,3,6,3,1,4,6,6,1,7,5,2,4,3,3,2,3,7,3,4,1,1,1,2,5,5,1,2,6,6,2,6,2,4,6,4,1,2,1,5,2,1,2,5,2
目玉1鳥2,68,3,1,3,4,5,5,4,2,1,5,1,5,1,3,6,2,5,7,4,4,1,5,4,7,2,6,2,2,1,3,1,2,1,7,3,3,4,3,4,1,5,5,5,1,6,6,6,2,1,7,1,1,2,2,2,4,3,3,2,7,2,2,1,5,3,3,3,2,2,2,4,6,1,2,4,5,1,1,2,6,7,3,8,6,4,1,7,3,7,2,6,1,2,3,2,5,2,3,3,2,4,4,1,4,5,6,4,6,6,4,6,6,7,3,8,1,8,1,1,1,3,2,5,2,2,2,3,1,4,3,3,4,4,4,4,4,8,4,5,4,1,2,6,2,3,5,3,1,1,6,4,4,6,1,6,7,4,1,3,3,6,3,3,4,4,5,7,2,6,7,5,5,5,6,6,4,5,7,1,3,3,1,3,3,4,6,2,5,2,5,4,5,4,3,3,1,5,4,6,4,4,4,5,2,5,1,2,4,6,7,3,6,3,1,4,6,6,1,7,5,2,4,3,3,3,3,7,3,4,1,1,1,2,5,5,1,2,6,6,2,6,2,4,6,4,1,2,1,5,2,1,2,5,2
目玉1鳥2,6A,3,1,3,4,5,5,4,2,1,5,1,5,1,3,6,2,5,7,5,4,1,5,4,7,2,6,2,2,2,3,2,2,1,8,3,3,4,3,4,1,5,5,5,1,6,6,6,2,1,7,1,1,2,2,2,4,3,3,2,7,2,2,1,5,3,3,3,3,2,2,4,6,1,2,4,5,1,1,2,6,7,3,8,6,4,1,7,3,7,2,6,1,2,3,2,5,2,3,3,2,4,4,1,4,5,6,4,6,6,4,6,6,7,3,8,1,1,1,1,1,3,2,5,2,2,2,3,1,4,3,3,4,4,4,4,4,1,4,6,4,1,2,6,2,3,5,3,1,1,6,4,4,6,1,6,7,4,1,3,3,7,3,3,4,4,5,7,2,6,7,5,5,5,6,6,4,5,7,1,3,3,1,3,3,4,6,2,5,2,5,4,5,4,3,3,1,5,4,6,4,4,4,5,2,5,1,2,4,6,7,3,6,3,1,5,7,6,1,8,5,2,4,3,3,3,3,7,4,4,1,1,1,2,5,5,1,2,6,6,2,6,2,4,6,4,1,2,1,6,2,1,3,5,2
目玉1鳥2,6C,3,1,3,4,5,5,4,2,1,5,1,5,1,3,6,2,6,7,5,4,1,5,4,7,2,6,2,2,2,3,2,2,1,8,4,3,4,3,4,1,5,5,5,1,6,6,7,2,1,7,1,1,2,2,2,4,3,3,2,7,2,2,1,5,3,3,4,3,2,2,4,6,1,2,4,6,1,1,2,6,7,3,1,6,4,1,7,3,7,2,6,1,2,3,2,5,3,3,3,2,4,4,1,4,5,6,5,6,6,4,6,6,7,3,1,1,1,1,1,1,3,2,5,2,2,2,3,1,4,3,3,4,4,4,4,4,1,4,6,4,1,2,6,2,3,5,3,1,1,6,4,4,6,1,6,7,4,1,3,3,7,3,3,4,4,5,8,2,6,7,5,5,5,6,6,4,5,7,2,3,3,1,3,3,5,6,2,5,2,5,4,5,4,3,3,1,5,4,6,4,4,4,5,2,5,1,3,4,7,7,3,6,3,1,5,7,6,1,8,5,2,4,3,3,3,3,8,4,4,1,1,1,2,5,5,1,2,6,6,2,6,2,4,6,4,1,2,1,6,2,2,3,5,2
目玉1鳥2,6E,3,1,3,4,5,5,4,2,1,5,1,6,1,3,6,2,6,8,5,5,1,5,4,7,2,6,2,2,2,3,2,2,1,1,4,3,4,3,4,1,5,5,5,2,6,6,7,2,1,8,1,1,2,2,2,4,3,3,2,7,2,2,1,5,3,3,4,3,2,2,4,6,1,2,4,6,1,1,2,6,7,3,1,6,4,1,7,3,7,2,7,1,2,3,2,5,3,3,4,2,4,4,1,4,5,6,5,6,6,4,6,6,7,4,1,1,1,1,1,1,3,2,5,2,2,2,3,1,4,3,3,4,4,4,4,4,1,4,6,4,1,2,6,2,3,5,3,1,1,6,4,4,6,2,6,7,5,1,3,3,7,3,3,4,4,5,8,2,6,7,5,5,5,6,6,4,5,7,2,3,3,1,3,3,5,6,2,5,2,5,4,5,4,3,3,1,6,4,6,4,4,4,5,2,5,1,3,4,7,7,3,6,3,1,5,7,6,1,1,5,2,4,3,3,3,3,8,4,4,1,1,1,2,5,5,1,2,7,6,3,6,2,4,6,4,1,2,1,6,2,2,3,5,3
目玉1鳥2,70,3,1,3,4,5,5,4,2,1,5,1,6,1,3,6,2,6,8,5,5,1,5,4,7,2,6,2,2,2,3,2,2,1,1,4,3,4,3,4,1,5,5,5,2,6,6,7,2,1,8,1,1,3,2,2,4,3,3,2,8,3,2,1,5,3,3,4,3,2,2,4,6,1,2,4,6,1,1,2,7,7,3,1,6,4,1,7,3,8,2,7,1,2,3,2,5,3,3,4,2,4,4,1,5,5,6,5,6,6,4,6,7,7,4,1,1,1,1,1,2,3,2,5,2,2,2,3,1,4,3,3,4,4,4,4,4,1,4,6,4,1,2,6,2,3,5,3,1,1,6,4,4,6,2,6,7,5,1,3,3,7,3,4,4,4,5,1,2,6,7,5,5,5,6,6,4,5,7,2,3,3,1,3,3,5,6,2,5,2,6,4,5,4,3,4,1,6,4,6,4,4,4,5,2,6,1,3,4,7,7,3,6,3,1,5,7,6,1,1,5,2,5,3,3,3,3,1,4,4,1,1,2,2,5,5,1,2,7,6,3,6,2,4,6,4,1,2,1,6,2,2,3,5,3
目玉1鳥2,72,3,1,3,4,5,6,4,2,1,5,1,6,1,3,6,2,6,1,5,5,1,5,4,7,2,6,2,2,2,3,2,2,1,1,4,3,4,3,4,1,5,5,5,2,6,6,7,2,1,1,1,1,3,2,2,4,3,4,2,8,3,2,1,5,3,3,4,3,2,3,4,6,2,2,4,6,1,2,2,7,7,3,1,6,4,1,7,3,8,2,7,1,3,3,2,5,3,3,4,2,4,4,1,5,5,6,5,6,6,5,6,7,7,4,1,1,1,1,1,2,3,2,5,2,2,2,3,1,4,3,3,4,4,4,4,5,1,4,6,4,1,2,6,2,3,5,3,1,1,6,4,4,6,2,6,7,5,1,3,3,7,3,4,4,4,5,1,2,7,8,5,6,5,6,6,4,5,8,2,3,3,1,3,3,5,6,2,5,2,6,4,5,4,3,4,1,6,4,6,4,4,4,5,2,6,1,3,4,7,7,4,6,3,1,5,7,6,1,1,5,2,5,3,3,3,3,1,4,4,1,1,2,2,5,5,1,2,7,7,3,6,2,4,6,4,1,2,1,6,2,2,3,5,3
目玉1鳥2,74,3,1,3,4,5,6,4,3,1,5,1,6,1,3,6,2,6,1,5,5,1,5,4,8,2,6,2,2,2,3,2,2,1,1,4,3,4,3,4,1,5,5,5,2,6,6,7,2,1,1,1,1,3,2,2,4,3,4,2,1,3,2,1,5,3,4,4,3,2,3,4,7,2,2,4,6,1,2,2,7,7,3,1,6,4,1,7,3,1,2,7,1,3,3,2,6,3,3,4,2,4,4,1,5,5,6,5,6,6,5,6,7,7,4,1,1,1,1,1,2,3,2,5,2,2,2,3,2,4,3,3,4,4,4,4,5,1,4,6,4,1,2,6,2,3,5,3,1,1,6,4,5,6,2,6,7,5,1,3,3,7,3,4,4,4,5,1,2,7,8,5,6,5,6,6,4,6,8,2,4,3,1,3,3,5,6,2,5,3,6,4,5,4,3,4,1,6,4,7,5,4,4,5,2,6,1,3,4,7,8,4,6,3,1,5,7,6,1,1,5,2,5,3,3,3,3,1,4,4,1,1,2,2,5,5,1,2,7,7,3,6,2,4,6,4,1,2,2,6,2,2,3,5,3
目玉1鳥2,76,3,2,3,4,5,6,5,3,1,5,1,6,1,3,7,2,6,1,5,5,1,5,4,8,2,6,2,2,2,3,2,2,1,1,4,3,4,3,5,1,5,5,6,2,6,6,7,2,2,1,1,1,3,2,2,4,3,4,2,1,3,2,1,5,3,4,4,3,2,3,4,7,2,2,4,6,1,2,2,7,7,3,1,6,4,1,8,3,1,2,7,1,3,3,2,6,3,3,4,2,4,4,1,5,5,6,5,6,6,5,6,7,7,4,1,1,1,1,1,2,3,2,5,2,2,2,4,2,4,4,3,4,4,4,4,5,1,4,6,4,1,3,6,2,3,5,3,1,1,6,4,5,6,2,6,8,5,1,3,3,7,3,4,4,4,5,1,2,7,1,5,6,5,6,6,4,6,1,2,4,3,1,3,3,5,6,2,5,3,6,4,5,4,3,4,1,6,4,7,5,4,4,5,2,6,1,3,4,7,8,4,6,3,1,5,7,6,1,1,6,3,5,3,3,3,3,1,4,4,1,1,2,2,5,5,1,2,7,7,3,7,2,4,6,4,1,2,2,6,2,2,3,5,3
目玉1鳥2,78,3,2,3,4,6,6,5,3,1,5,1,6,1,3,7,2,6,1,5,5,1,5,4,1,2,6,2,2,2,3,2,2,1,1,4,3,4,3,5,1,5,5,6,2,6,6,7,2,2,1,1,1,3,2,2,4,3,4,2,1,3,2,1,5,3,4,4,3,2,3,5,7,2,2,4,6,1,2,2,7,8,3,1,6,4,1,8,3,1,2,7,1,3,3,2,6,3,3,4,2,4,4,1,5,5,6,5,6,6,5,7,7,8,4,1,1,1,1,2,2,3,3,6,2,2,2,4,2,4,4,3,4,4,4,4,5,1,4,6,4,1,3,6,2,3,5,3,1,1,6,4,5,7,2,6,8,5,1,3,3,7,4,4,4,4,5,1,2,7,1,5,6,5,6,6,4,6,1,2,4,3,1,3,3,5,6,2,5,3,6,4,5,4,4,4,2,6,4,7,5,4,4,5,2,6,1,3,4,7,1,4,6,3,1,5,7,6,1,1,6,3,5,3,3,3,3,1,4,4,1,1,2,2,5,5,1,2,7,7,3,7,3,4,6,5,1,2,2,6,2,2,3,5,3
ゴブ3針鼠1_1,7A,4,2,3,4,6,6,5,3,1,5,2,6,1,3,7,2,6,1,5,5,1,5,4,1,2,6,2,2,2,3,2,3,1,1,4,3,4,3,5,1,5,5,6,2,6,6,7,2,2,1,1,1,3,2,2,4,3,4,2,1,3,2,1,5,3,4,4,3,2,3,5,7,2,2,4,6,1,2,2,7,8,3,1,6,4,1,1,3,1,2,7,1,3,3,2,6,3,3,4,2,4,4,1,5,5,6,5,6,6,5,7,7,8,4,1,1,1,1,2,2,3,3,6,3,2,2,4,2,4,4,3,4,4,4,5,5,1,4,6,4,1,3,7,2,3,5,3,1,1,6,4,5,7,2,6,1,5,1,3,3,8,4,4,4,4,6,1,2,7,1,6,6,5,6,7,4,6,1,2,4,3,1,3,3,5,6,2,5,3,6,4,5,4,4,4,2,6,4,7,5,4,4,5,2,6,1,3,4,7,1,4,6,3,1,5,8,6,1,1,6,3,5,3,3,3,4,1,4,4,2,1,2,2,5,5,1,2,7,7,3,7,3,5,6,5,1,2,2,6,2,2,3,5,3
ゴブ3針鼠1_1,7C,4,2,3,4,6,6,5,3,1,5,2,6,1,3,7,2,6,1,5,5,1,5,4,1,2,6,2,2,2,3,2,3,1,1,4,3,4,3,5,1,5,5,6,2,6,6,8,2,2,1,1,1,3,2,2,4,3,4,2,1,3,2,1,5,3,4,4,3,2,3,5,7,2,3,4,6,1,2,2,7,1,3,1,6,5,1,1,3,1,2,7,1,3,3,3,6,3,4,4,2,4,4,1,5,5,6,5,7,6,5,7,7,1,4,1,1,1,1,2,2,3,3,6,3,2,2,4,2,4,4,3,4,4,4,5,5,1,4,6,4,2,3,7,2,3,5,3,1,1,6,4,5,7,2,6,1,5,2,3,3,8,4,4,4,4,6,1,2,7,1,6,6,5,6,7,4,6,1,2,4,4,1,3,3,5,6,2,5,3,6,4,5,4,4,4,2,6,4,7,5,4,4,6,2,6,1,3,5,8,1,4,6,3,1,5,8,7,1,1,6,3,5,3,3,3,4,1,4,4,2,1,2,2,5,6,1,2,7,7,3,7,3,5,6,5,1,2,2,6,2,2,3,5,3
ゴブ3針鼠1_1,7E,4,2,3,4,6,6,5,3,2,6,2,6,1,3,7,2,6,1,5,5,1,5,4,1,2,6,2,2,2,3,2,3,1,1,4,3,4,4,5,1,5,6,6,2,6,7,8,2,2,1,1,1,3,2,2,4,3,4,2,1,3,2,1,5,3,4,4,3,2,3,5,7,2,3,4,6,1,2,2,7,1,3,1,6,5,2,1,3,1,2,8,1,3,3,3,6,3,4,4,2,4,4,1,5,5,6,5,7,6,5,7,7,1,4,1,1,1,1,2,2,4,3,6,3,2,3,4,2,4,4,3,4,4,4,5,5,1,4,6,5,2,3,7,2,3,5,3,1,1,6,4,5,7,2,6,1,5,2,3,3,1,4,4,4,4,6,1,2,7,1,6,6,5,6,7,4,6,1,2,4,4,1,3,3,5,6,2,5,3,6,4,5,4,4,4,2,6,4,7,5,5,4,6,3,6,1,3,5,8,1,4,6,3,1,5,1,7,1,1,6,3,5,3,3,3,4,1,4,4,2,1,2,2,5,6,1,2,8,7,3,7,3,5,7,5,1,2,2,6,2,2,3,5,3
ゴブ3針鼠1_1,80,4,2,3,4,6,6,5,3,2,6,2,6,1,3,7,2,6,1,5,5,1,6,5,1,2,6,3,2,2,3,2,3,1,1,4,3,4,4,5,1,5,6,6,2,7,7,1,2,2,1,1,1,3,2,2,4,3,4,2,1,3,2,1,5,3,4,4,3,2,3,5,7,2,3,4,6,2,2,2,8,1,3,1,6,5,2,1,3,1,2,8,1,3,3,3,6,3,4,4,2,4,5,1,5,5,6,5,7,6,5,7,8,1,4,1,1,1,2,2,2,4,3,6,3,2,3,4,2,4,4,4,4,4,4,5,5,1,4,6,5,2,3,7,2,4,5,3,1,1,7,4,5,7,2,6,1,5,2,3,3,1,4,4,4,4,6,1,2,7,1,6,6,5,6,7,4,6,1,2,4,4,1,3,3,5,6,2,6,3,6,4,5,4,4,4,2,6,4,7,5,5,4,6,3,6,1,3,5,1,1,4,6,3,1,5,1,7,1,1,6,3,5,3,3,3,4,1,4,4,2,1,2,2,5,6,1,3,8,7,3,7,3,5,7,5,1,2,2,6,2,2,3,5,3
ゴブ3針鼠1_1,82,4,2,3,4,6,6,5,3,2,6,2,6,1,3,7,2,6,1,5,5,1,6,5,1,2,6,3,2,2,3,2,3,2,1,4,3,4,4,5,1,5,6,6,2,7,7,1,3,2,1,1,1,3,2,2,4,4,4,3,1,3,2,1,5,3,4,4,3,2,3,5,7,2,3,4,6,2,2,2,8,1,3,1,7,5,2,1,4,1,2,1,1,3,3,3,6,3,4,4,2,4,5,1,5,5,6,5,7,6,5,7,8,1,4,1,1,1,2,2,2,4,3,6,3,2,3,4,2,4,4,4,4,4,5,5,5,1,4,6,5,2,3,7,2,4,6,3,1,1,7,4,5,7,2,6,1,5,2,3,3,1,4,4,4,4,6,1,2,8,1,6,6,5,7,7,4,6,1,2,4,4,1,3,3,5,6,2,6,3,6,4,5,4,4,4,2,6,4,7,5,5,5,6,3,6,1,3,5,1,1,4,6,3,2,5,1,7,1,1,6,3,5,3,3,3,4,1,4,4,2,1,2,2,5,6,1,3,1,8,3,7,3,5,7,5,1,2,2,6,2,2,3,6,3
ゴブ3針鼠1_1,84,4,2,3,4,6,6,5,3,2,6,2,6,1,3,7,2,6,1,5,5,2,6,5,1,2,7,3,2,2,3,2,3,2,1,4,3,4,4,5,1,5,6,6,2,7,7,1,3,2,1,1,1,3,2,2,4,4,4,3,1,3,3,1,5,3,4,4,3,2,3,5,8,2,3,4,6,2,2,2,1,1,3,1,7,5,2,1,4,1,2,1,1,3,3,3,6,3,4,4,2,4,5,1,5,5,7,5,7,6,5,7,1,1,4,1,1,1,2,2,2,4,3,6,3,2,3,4,2,4,4,4,4,4,5,5,5,1,4,6,5,2,3,7,2,4,6,4,1,1,7,4,5,7,2,6,1,5,2,3,3,1,4,4,4,4,6,1,2,8,1,6,6,6,7,7,5,6,1,2,4,4,1,4,3,5,6,3,6,3,6,4,5,4,4,4,2,6,5,8,5,5,5,6,3,6,1,3,5,1,1,4,6,3,2,5,1,7,1,1,6,3,5,3,3,3,4,1,4,4,2,1,2,2,6,6,1,3,1,8,3,7,3,5,7,5,2,2,2,6,2,2,3,6,3
ゴブ3針鼠1_1,86,4,2,3,4,6,6,5,3,2,6,2,6,1,3,8,2,6,1,5,5,2,6,5,1,2,7,3,3,2,3,2,3,2,1,4,3,5,4,5,1,6,6,6,2,7,7,1,3,2,1,1,1,3,2,2,4,4,4,3,1,3,3,1,6,3,4,4,3,2,3,5,8,2,3,5,6,2,2,2,1,1,4,1,7,5,2,1,4,1,2,1,1,3,3,3,6,3,4,4,2,4,5,1,5,5,7,5,7,6,5,7,1,1,4,1,1,1,2,2,2,4,3,6,3,2,3,4,2,4,4,4,4,4,5,5,5,1,4,6,5,2,3,7,2,4,6,4,1,1,7,4,5,7,2,7,1,5,2,3,4,1,4,4,4,4,6,1,2,1,1,6,6,6,7,7,5,6,1,2,4,4,1,4,3,5,6,3,6,3,6,4,5,4,4,4,2,6,5,8,5,5,5,6,3,6,2,3,5,1,1,4,7,3,2,5,1,7,1,1,6,3,5,3,3,3,4,1,4,4,2,2,2,2,6,6,1,3,1,1,3,8,3,5,7,5,2,3,2,6,2,2,3,6,3
ゴブ3針鼠1_1,88,4,2,3,4,6,6,5,3,2,6,2,6,1,3,8,2,6,1,5,5,2,6,5,1,2,7,3,3,2,3,2,3,2,1,4,3,5,4,5,1,6,6,6,2,7,7,1,3,2,1,2,1,3,2,3,4,4,4,3,1,3,3,1,6,3,4,4,3,2,3,5,1,2,3,5,6,2,2,2,1,1,4,1,7,5,2,1,4,1,2,1,1,3,3,3,6,3,4,4,2,5,5,1,5,6,7,5,7,7,5,8,1,1,4,1,1,1,2,2,2,4,3,6,3,2,3,4,2,5,4,4,4,4,5,5,5,1,4,6,5,2,3,7,2,4,6,4,1,2,7,4,5,8,2,7,1,5,2,3,4,1,4,4,4,4,6,1,3,1,1,6,6,6,7,7,5,6,1,2,4,4,1,4,4,5,7,3,6,3,6,4,6,4,4,4,2,6,5,1,5,5,5,6,3,6,2,3,5,1,1,4,7,3,2,5,1,7,1,1,6,3,5,3,4,3,4,1,4,4,2,2,2,2,6,6,1,3,1,1,3,8,3,5,7,5,2,3,2,6,2,2,3,6,3
ゴブ3針鼠1_1,8A,4,2,3,4,6,6,5,3,2,6,2,6,1,3,1,2,6,1,6,5,2,6,5,1,2,7,3,3,2,3,2,3,2,1,4,4,5,4,5,2,6,6,6,2,7,7,1,3,2,1,2,1,3,2,3,4,4,4,3,1,3,3,1,6,3,4,4,3,2,3,5,1,2,3,5,6,2,2,2,1,1,4,1,7,5,2,1,4,1,3,1,1,3,3,3,6,3,4,4,2,5,5,1,5,6,7,5,7,7,5,8,1,1,4,1,1,1,2,2,2,4,3,6,3,2,3,4,2,5,4,4,4,5,5,5,5,1,4,7,5,2,3,8,3,4,6,4,1,2,7,4,5,8,2,7,1,5,2,3,4,1,4,4,4,5,6,1,3,1,1,6,6,6,7,8,5,6,1,2,4,4,2,4,4,5,7,3,6,3,6,4,6,4,4,4,2,6,5,1,5,5,5,6,3,6,2,3,5,1,1,4,7,3,2,6,1,7,1,1,6,3,5,3,4,3,4,1,4,4,2,2,2,2,6,6,1,3,1,1,3,1,3,5,7,5,2,3,2,7,2,2,3,6,3
ゴブ3針鼠1_1,8C,4,2,3,4,6,6,5,3,2,6,2,6,1,4,1,3,7,1,6,5,2,6,5,1,2,7,3,3,2,3,2,3,2,1,4,4,5,4,5,2,6,6,6,2,7,7,1,3,2,1,2,1,3,3,3,5,4,4,3,1,3,3,1,6,3,4,4,3,2,3,5,1,2,3,5,7,2,2,2,1,1,4,1,7,5,2,1,4,1,3,1,2,3,3,3,6,3,4,4,2,5,5,2,5,6,7,6,8,7,5,1,1,1,4,1,1,1,2,2,2,4,3,6,3,2,3,4,2,5,4,4,4,5,5,5,5,1,4,7,5,2,3,8,3,4,6,4,1,2,7,4,5,1,2,7,1,5,2,3,4,1,4,4,4,5,6,1,3,1,1,6,6,6,7,8,5,6,1,2,4,4,2,4,4,6,7,3,6,3,6,4,6,4,4,4,2,6,5,1,5,5,5,6,3,6,2,3,5,1,1,4,7,4,2,6,1,8,1,1,6,3,5,3,4,3,4,1,4,5,2,2,2,2,6,6,1,3,1,1,3,1,3,5,7,5,2,3,2,7,2,2,3,6,3
ゴブ3針鼠1_1,8E,4,2,3,5,6,6,5,3,2,6,2,7,1,4,1,3,7,1,6,6,2,6,5,1,2,7,3,3,2,3,2,3,2,1,4,4,5,4,5,2,6,6,6,2,7,8,1,3,2,1,2,2,3,3,3,5,4,4,3,1,3,3,1,6,4,4,4,3,2,3,5,1,2,3,5,7,2,2,2,1,1,4,1,7,5,2,1,4,1,3,1,2,3,3,3,6,3,4,4,3,5,5,2,5,6,7,6,8,7,5,1,1,1,4,1,1,1,2,2,2,4,3,6,3,2,3,4,2,5,4,4,4,5,5,5,5,1,4,7,5,2,3,1,3,4,6,4,1,2,7,4,5,1,2,7,1,6,2,4,4,1,4,4,4,5,6,1,3,1,1,6,6,6,7,1,5,6,1,2,4,4,2,4,4,6,7,3,6,3,6,4,6,5,4,4,2,7,5,1,5,5,5,6,3,6,2,3,5,1,1,4,7,4,2,6,1,8,2,1,6,3,5,3,4,3,4,1,4,5,2,2,2,2,6,6,1,3,1,1,3,1,3,5,8,5,2,3,2,7,3,2,3,6,3
ゴブ3針鼠1_1,90,4,2,3,5,6,6,5,3,2,6,2,7,1,4,1,3,7,1,6,6,2,6,5,1,3,7,3,3,2,4,2,3,2,1,4,4,5,4,5,2,6,6,6,2,8,8,1,3,2,1,2,2,3,3,3,5,4,4,3,1,3,3,1,6,4,4,4,3,2,3,5,1,2,3,5,7,2,2,2,1,1,4,1,7,5,2,1,4,1,3,1,2,3,3,3,6,3,4,4,3,5,5,2,6,6,7,6,1,7,5,1,1,1,4,1,2,1,2,2,2,4,3,6,3,2,3,4,2,5,4,4,5,5,5,5,5,1,4,7,5,2,3,1,3,4,6,4,2,2,8,4,5,1,2,7,1,6,2,4,4,1,4,4,4,5,6,1,3,1,1,6,6,6,7,1,5,6,1,2,4,4,2,4,4,6,7,3,6,3,7,5,6,5,4,4,2,7,5,1,5,5,5,6,3,7,2,3,5,1,1,4,7,4,2,6,1,1,2,1,6,3,6,4,4,3,4,1,4,5,2,2,2,3,6,6,1,3,1,1,3,1,3,5,8,5,2,3,2,7,3,2,3,6,3
ゴブ3針鼠1_1,92,4,2,4,5,6,7,5,3,2,6,2,7,2,4,1,3,7,1,6,6,2,6,5,1,3,7,3,3,2,4,2,3,2,1,4,4,5,4,5,2,6,6,6,2,8,1,1,3,2,1,2,2,3,3,3,5,4,4,3,1,3,3,1,6,4,4,4,3,3,3,5,1,2,3,5,7,2,2,2,1,1,4,1,8,5,2,1,4,1,3,1,2,3,4,3,6,3,4,4,3,5,5,2,6,6,7,6,1,7,6,1,1,1,4,1,2,1,2,2,2,4,3,6,3,3,3,4,2,5,4,4,5,5,5,5,6,1,5,7,5,2,3,1,3,4,6,4,2,2,8,4,5,1,2,7,1,6,2,4,4,1,4,4,5,5,6,1,3,1,1,6,7,6,8,1,5,6,1,2,4,4,2,4,4,6,7,3,6,3,7,5,6,5,4,4,2,7,5,1,5,5,5,6,3,7,2,3,5,1,1,4,7,4,2,6,1,1,2,1,6,3,6,4,4,3,4,1,4,5,2,2,2,3,6,6,2,3,1,1,3,1,3,5,1,5,2,3,2,7,3,2,3,6,3
ゴブ3針鼠1_1,94,4,2,4,5,6,7,5,3,2,6,2,7,2,4,1,3,7,1,6,6,2,6,5,1,3,8,3,3,3,4,2,3,2,1,4,4,5,4,5,2,6,6,6,2,1,1,1,3,2,1,2,2,3,3,3,5,4,4,3,1,3,3,2,6,4,4,4,4,3,3,5,1,2,3,5,7,2,2,3,1,1,4,1,8,5,2,1,4,1,3,1,2,3,4,3,7,3,4,4,3,5,5,2,6,6,8,6,1,7,6,1,1,1,4,1,2,1,2,2,2,4,3,6,3,3,3,4,2,5,4,4,5,5,5,5,6,2,5,7,5,2,3,1,3,4,6,4,2,2,1,5,6,1,2,7,1,6,2,4,4,1,4,4,5,5,6,1,3,1,1,6,7,6,8,1,5,7,1,2,4,4,2,4,4,6,7,3,6,3,7,5,6,5,4,4,2,7,5,1,6,5,5,6,3,7,2,3,5,1,1,4,7,4,2,6,1,1,2,1,6,3,6,4,4,4,4,1,5,5,2,2,2,3,6,6,2,3,1,1,3,1,3,5,1,5,2,3,2,7,3,2,3,6,3
ゴブ3針鼠1_1,96,4,2,4,5,6,7,6,3,2,6,2,7,2,4,1,3,7,1,6,6,2,6,5,1,3,8,3,3,3,4,3,3,2,1,5,4,5,4,6,2,6,6,7,2,1,1,1,3,2,1,2,2,3,3,3,5,4,4,3,1,3,3,2,6,4,4,4,4,3,3,5,1,2,3,5,7,2,2,3,1,1,4,2,1,5,2,1,4,1,3,1,2,3,4,3,7,4,4,4,3,5,5,2,6,6,8,6,1,7,6,1,1,1,4,1,2,2,2,2,2,4,3,6,3,3,3,4,2,5,4,4,5,5,5,5,6,2,5,7,5,2,3,1,3,4,6,4,2,2,1,5,6,1,2,8,1,6,2,4,4,1,4,4,5,5,6,1,3,1,1,6,7,6,1,1,5,7,1,2,4,4,2,4,4,6,7,3,6,3,7,5,6,5,4,4,2,7,5,1,6,5,5,6,3,7,2,3,5,1,1,4,8,4,2,6,1,1,2,1,7,3,6,4,4,4,4,1,5,5,2,2,2,3,6,6,2,3,1,1,3,1,3,5,1,5,2,3,2,7,3,3,4,6,3
ゴブ3針鼠1_1,98,4,2,4,5,7,7,6,3,2,6,2,7,2,4,1,3,7,1,6,6,2,6,5,1,3,1,3,3,3,4,3,3,2,2,5,4,5,4,6,2,6,6,7,3,1,1,1,3,2,1,2,2,3,3,3,5,4,4,3,1,3,3,2,6,4,4,5,4,3,3,6,1,2,3,5,7,2,2,3,1,1,4,2,1,5,2,1,4,1,3,1,2,3,4,3,7,4,4,5,3,5,5,2,6,6,1,6,1,8,6,1,1,1,4,2,2,2,2,2,2,4,3,7,3,3,3,4,2,5,4,4,5,5,5,5,6,2,5,7,5,2,3,1,3,4,6,4,2,2,1,5,6,1,2,8,1,6,2,4,4,1,4,4,5,5,6,1,3,1,1,6,7,6,1,1,5,7,1,3,4,4,2,4,4,6,8,3,6,3,7,5,6,5,4,4,2,7,5,1,6,5,5,6,3,7,2,4,5,1,1,4,8,4,2,6,1,1,2,1,7,3,6,4,4,4,4,1,5,5,2,2,2,3,6,6,2,3,1,1,4,1,3,5,1,6,2,3,2,7,3,3,4,6,3
ゴブ3針鼠1_1,9A,4,2,4,5,7,7,6,3,2,6,2,7,2,4,1,3,7,1,6,6,2,6,5,1,3,1,3,3,3,4,3,3,2,2,5,4,5,4,6,2,6,6,7,3,1,1,1,3,2,1,2,2,4,3,3,5,4,4,3,1,3,3,2,6,4,4,5,4,3,3,6,1,2,3,5,7,2,2,3,1,1,4,2,1,5,2,1,4,1,3,1,2,3,4,3,7,4,4,5,3,5,5,2,6,6,1,6,1,8,6,1,1,1,5,2,2,2,2,2,3,4,3,7,3,3,3,4,2,5,4,4,5,5,5,6,6,2,5,8,5,2,3,1,3,4,6,4,2,2,1,5,6,1,3,1,1,6,2,4,4,1,4,5,5,5,7,1,3,1,1,7,7,6,1,1,5,7,1,3,4,4,2,4,4,6,8,3,6,3,7,5,6,5,4,4,2,7,5,1,6,5,5,6,3,7,2,4,5,1,1,4,1,4,2,6,1,1,2,2,7,3,6,4,4,4,4,2,5,5,2,2,2,3,6,6,2,3,1,1,4,1,3,6,1,6,2,3,2,8,3,3,4,6,4
ゴブ3針鼠1_1,9C,4,2,4,5,7,7,6,3,2,6,2,7,2,4,1,3,8,2,6,6,2,6,5,1,3,1,3,3,3,4,3,3,2,2,5,4,5,4,6,2,6,6,7,3,1,1,1,3,2,1,2,2,4,3,3,5,4,4,3,1,4,3,2,6,4,4,5,4,3,3,6,1,3,3,5,8,2,2,3,1,1,4,2,1,6,2,1,4,1,3,1,2,4,4,3,7,4,4,5,3,5,5,2,6,6,1,6,1,1,6,1,1,1,5,2,2,2,2,2,3,4,3,7,3,3,3,4,2,5,4,4,5,5,5,6,6,2,5,8,5,2,3,1,3,4,6,4,2,2,1,5,6,1,3,1,1,6,2,4,4,1,4,5,5,5,7,2,3,1,1,7,7,6,1,1,5,7,1,3,4,4,2,4,4,6,1,3,6,3,7,5,6,5,4,5,2,7,5,1,6,5,5,7,3,7,2,4,6,1,1,5,1,4,2,6,1,1,2,2,7,3,6,4,4,4,4,2,5,5,2,2,3,3,6,7,2,3,1,1,4,1,3,6,1,6,2,3,2,8,3,3,4,6,4
ゴブ3針鼠1_1,9E,4,2,4,5,7,7,6,4,2,7,2,8,2,4,1,3,8,2,6,6,2,6,5,1,3,1,3,3,3,4,3,3,2,2,5,4,5,4,6,2,6,7,7,3,1,1,1,3,2,2,2,2,4,3,3,5,4,5,3,1,4,3,2,6,4,4,5,4,3,4,6,1,3,3,5,8,2,3,3,1,1,4,2,1,6,2,1,4,2,3,1,2,4,4,3,7,4,4,5,3,5,5,2,6,6,1,6,1,1,6,1,1,1,5,2,2,2,2,2,3,4,3,7,3,3,3,4,2,5,4,4,5,5,5,6,6,2,5,1,6,2,3,1,3,4,6,4,2,2,1,5,6,1,3,1,1,6,2,4,4,1,4,5,5,5,7,2,3,1,1,7,7,6,1,1,5,7,1,3,5,4,2,4,4,6,1,3,6,3,7,5,6,5,4,5,2,8,5,1,6,6,5,7,3,7,2,4,6,1,1,5,1,4,2,6,1,1,2,2,7,3,6,4,4,4,4,2,5,5,2,2,3,3,6,7,2,3,1,1,4,1,3,6,1,6,2,3,3,1,3,3,4,6,4
ゴブ3針鼠1_1,A0,4,3,4,5,7,7,6,4,2,7,2,8,2,4,1,3,1,2,6,6,2,7,6,1,3,1,3,3,3,4,3,3,2,2,5,4,5,4,6,2,6,7,7,3,1,1,1,3,2,2,2,2,4,3,3,5,4,5,3,2,4,3,2,6,4,5,5,4,3,4,6,1,3,3,5,1,2,3,3,1,1,4,2,1,6,2,1,4,2,3,1,2,4,4,3,7,4,4,5,3,5,6,2,6,6,1,6,1,1,6,1,1,1,5,2,2,2,2,2,3,4,3,7,3,3,3,5,3,5,4,4,5,5,5,6,6,2,5,1,6,2,3,1,3,4,6,4,2,2,1,5,6,1,3,1,1,6,2,4,4,1,4,5,5,5,7,2,3,1,2,7,7,6,1,1,5,7,1,3,5,4,2,4,4,6,1,3,7,4,8,5,6,5,4,5,2,8,5,1,6,6,5,7,3,8,2,4,6,1,1,5,1,4,2,6,1,1,2,2,7,4,6,4,4,4,4,2,5,5,2,2,3,3,6,7,2,3,1,1,4,1,3,6,1,6,2,3,3,1,3,3,4,6,4
ゴブ3針鼠1_1,A2,4,3,4,5,7,8,6,4,2,7,2,1,2,4,1,3,1,2,6,6,2,7,6,1,3,1,3,3,3,4,3,3,2,2,5,4,5,4,6,2,6,7,7,3,1,1,1,3,3,2,2,2,4,3,3,5,4,5,3,2,4,3,2,6,4,5,5,4,3,4,6,1,3,3,5,1,2,3,3,1,1,4,2,1,6,2,1,4,2,3,1,2,4,4,3,7,4,4,5,3,5,6,2,6,6,1,6,1,1,6,1,1,1,5,2,2,2,2,3,3,4,3,7,3,3,3,5,3,5,5,4,5,5,6,6,6,2,5,1,6,2,4,1,3,4,7,4,2,2,1,5,6,1,3,1,1,6,2,4,4,1,5,5,5,5,7,2,3,1,2,7,8,6,1,1,5,7,2,3,5,4,2,4,4,6,1,3,7,4,8,5,6,5,4,5,2,1,5,1,6,6,6,7,3,8,2,4,6,1,2,5,1,4,2,6,1,1,2,2,7,4,6,4,4,4,4,2,5,5,2,2,3,3,6,7,2,3,1,1,4,1,4,6,1,6,2,3,3,1,3,3,4,7,4
ゴブ3針鼠1_1,A4,4,3,4,5,7,8,6,4,2,7,3,1,2,4,1,3,1,2,6,6,2,7,6,2,3,1,3,3,3,4,3,4,2,2,5,4,5,4,6,2,6,7,7,3,1,1,1,3,3,2,2,2,4,3,3,5,4,5,3,2,4,3,2,6,4,5,5,4,3,4,6,1,3,3,5,1,2,3,3,1,1,4,2,1,6,2,1,4,2,3,1,2,4,4,3,8,4,4,5,3,5,6,2,6,6,1,6,1,1,6,1,1,1,5,2,2,2,2,3,3,4,4,7,3,3,3,5,3,5,5,4,5,5,6,6,6,2,5,1,6,2,4,1,3,4,7,4,2,2,1,5,6,1,3,1,2,6,2,4,4,1,5,5,5,5,7,2,3,1,2,7,8,7,1,1,6,8,2,3,5,4,2,4,4,6,1,3,7,4,1,5,6,5,5,5,3,1,6,1,6,6,6,7,3,1,2,4,6,1,2,5,1,4,2,6,1,1,2,2,7,4,6,4,4,4,5,2,5,5,2,2,3,3,7,7,2,3,1,1,4,1,4,6,1,6,2,3,3,1,3,3,4,7,4
鳥3,A6,5,3,4,5,7,1,6,4,2,7,3,1,2,4,1,3,1,2,6,6,2,7,6,2,3,1,3,3,3,4,3,4,2,2,5,4,6,4,6,2,7,7,8,3,1,1,1,3,3,2,2,2,4,3,3,5,4,5,3,2,4,3,2,7,4,5,5,4,3,4,6,1,3,3,6,1,2,3,3,1,2,4,2,1,6,2,2,4,2,3,1,2,4,4,4,8,4,4,5,3,5,6,2,6,6,1,6,1,1,6,1,1,1,5,2,2,2,2,3,3,4,4,7,4,3,3,5,3,5,5,4,5,5,6,6,6,2,5,1,6,3,4,1,3,4,7,4,2,2,1,5,6,1,3,1,2,6,2,4,4,1,5,5,5,5,7,2,3,1,2,7,1,7,1,1,6,8,2,3,5,5,2,4,4,6,1,3,7,4,1,5,6,5,5,5,3,1,6,1,6,6,6,7,3,1,2,4,6,1,2,5,1,4,2,6,1,1,2,2,8,4,6,4,4,4,5,2,5,5,3,2,3,3,7,7,2,3,1,1,4,1,4,6,1,6,2,3,3,1,3,3,4,7,4
鳥3,A8,5,3,4,5,8,1,6,4,3,7,3,1,2,4,1,3,1,2,6,6,2,7,6,2,3,1,3,3,3,4,3,4,2,2,5,4,6,5,6,2,7,7,8,3,1,1,1,3,3,2,2,2,4,3,3,5,4,5,3,2,4,3,2,7,4,5,5,4,3,4,6,1,3,4,6,1,2,3,3,1,2,4,2,1,6,2,2,4,2,3,1,2,4,4,4,1,4,5,5,3,6,6,2,6,7,1,6,1,1,6,1,1,2,5,2,2,2,2,3,3,4,4,8,4,3,3,5,3,6,5,4,5,5,6,6,6,2,5,1,6,3,4,1,3,4,7,4,2,2,1,5,6,1,3,1,2,6,3,4,4,2,5,5,5,5,7,2,3,1,2,7,1,7,1,1,6,1,2,3,5,5,2,4,4,6,1,3,7,4,1,5,7,5,5,5,3,1,6,1,6,6,6,7,4,1,2,4,6,1,2,5,1,4,2,6,1,1,2,2,8,4,6,4,4,4,5,2,5,5,3,2,3,3,7,7,2,3,1,1,4,1,4,6,1,6,2,3,3,1,3,3,4,7,4
鳥3,AA,5,3,4,5,8,1,6,4,3,7,3,1,2,4,1,3,1,2,7,6,2,7,6,2,3,1,4,3,3,4,3,4,2,2,5,4,6,5,6,2,7,7,1,3,1,1,1,3,3,2,2,2,4,3,3,5,4,5,3,2,4,3,2,7,4,5,5,4,3,4,6,1,3,4,6,1,2,3,3,1,2,4,2,1,6,3,2,4,2,3,1,2,4,4,4,1,4,5,5,3,6,6,2,6,7,1,6,1,1,6,1,1,2,5,2,2,2,3,3,3,5,4,8,4,3,4,5,3,6,5,4,5,6,6,6,6,2,5,1,6,3,4,1,3,5,7,4,2,2,1,5,6,1,3,1,2,6,3,4,4,2,5,5,5,6,8,2,3,1,2,8,1,7,1,1,6,1,2,3,5,5,2,4,4,6,1,3,7,4,1,5,7,5,5,5,3,1,6,1,6,6,6,7,4,1,2,4,6,2,2,5,1,4,2,7,2,1,2,2,1,4,6,4,4,4,5,2,5,5,3,2,3,3,7,7,2,3,1,1,4,1,4,6,1,6,2,3,3,1,3,3,4,7,4
鳥3,AC,5,3,4,5,1,1,6,4,3,7,3,1,2,4,1,3,1,2,7,6,2,7,6,2,3,1,4,3,3,4,3,4,3,2,5,4,6,5,6,2,7,7,1,3,1,1,2,4,3,2,2,2,4,3,3,6,4,5,3,2,4,3,2,7,4,5,5,4,3,4,6,1,3,4,6,1,3,3,3,1,2,4,2,1,6,3,2,5,2,3,1,2,4,4,4,1,4,5,5,3,6,6,2,6,7,1,7,1,1,6,1,1,2,5,2,2,2,3,3,3,5,4,1,4,3,4,5,3,6,5,5,5,6,6,6,6,2,5,1,6,3,4,1,3,5,7,4,2,2,1,5,6,1,3,1,2,6,3,4,4,2,5,5,5,6,8,2,3,1,2,8,1,7,1,1,6,1,2,3,5,5,2,4,4,7,1,3,7,4,1,5,7,5,5,5,3,1,6,1,6,6,6,8,4,1,2,4,6,2,2,5,1,4,2,7,2,1,2,2,1,4,6,4,4,4,5,2,5,6,3,2,3,3,7,8,2,4,2,1,4,1,4,6,1,6,2,3,3,1,3,3,4,7,4
鳥3,AE,5,3,4,6,1,1,6,4,3,8,3,1,2,4,1,3,1,2,7,7,2,7,6,2,3,1,4,3,3,4,3,4,3,2,5,4,6,5,6,2,7,8,1,3,1,1,2,4,3,2,2,2,4,3,3,6,5,5,4,2,4,4,2,7,4,5,5,4,3,4,6,1,3,4,6,1,3,3,3,2,2,4,2,1,6,3,2,5,2,3,2,2,4,4,4,1,4,5,5,3,6,6,2,6,7,1,7,1,1,6,1,1,2,5,2,2,2,3,3,3,5,4,1,4,3,4,5,3,6,5,5,5,6,6,6,6,2,5,1,6,3,4,1,3,5,7,5,2,2,1,5,6,1,3,1,2,7,3,4,4,2,5,5,5,6,1,2,3,1,2,1,1,7,1,1,6,1,2,3,5,5,2,4,4,7,1,3,7,4,1,5,7,6,5,5,3,1,6,1,6,6,6,8,4,1,2,4,6,2,2,5,1,4,3,7,2,1,2,2,1,4,6,4,4,4,5,2,5,6,3,2,3,3,7,8,2,4,2,1,4,1,4,6,1,6,3,3,3,1,3,3,4,7,4
鳥3,B0,5,3,4,6,1,1,6,4,3,8,3,1,2,4,1,3,1,2,7,7,3,8,6,2,3,1,4,4,3,4,3,4,3,2,5,4,6,5,6,2,7,8,1,3,1,1,2,4,3,2,2,2,4,3,3,6,5,5,4,2,4,4,2,7,4,5,5,4,3,4,6,1,3,4,6,1,3,3,3,2,2,5,2,1,6,3,2,5,2,3,2,2,4,4,4,1,4,5,5,3,6,6,2,7,7,1,7,1,1,6,1,2,2,5,2,2,2,3,3,3,5,4,1,4,3,4,5,3,6,5,5,6,6,6,6,6,2,5,1,6,3,4,1,3,5,7,5,2,2,1,5,6,1,3,1,2,7,3,4,4,2,5,5,5,6,1,2,3,1,2,1,1,7,1,1,6,1,2,3,5,5,2,5,4,7,1,4,8,4,1,6,7,6,5,5,3,1,6,1,6,6,6,1,4,1,3,4,6,2,2,5,1,4,3,7,2,1,2,2,1,4,7,4,4,4,5,2,5,6,3,2,3,3,7,1,2,4,2,2,4,1,4,6,1,6,3,3,3,1,3,3,4,7,4
鳥3,B2,5,3,4,6,1,1,6,4,3,1,3,1,2,4,1,3,1,2,7,7,3,8,6,2,3,1,4,4,3,4,3,4,3,2,5,4,6,5,6,2,7,1,1,3,1,1,2,4,3,2,3,2,4,3,3,6,5,5,4,2,4,4,2,7,4,5,5,4,3,4,6,1,3,4,6,1,3,3,3,2,2,5,2,1,6,3,2,5,2,3,2,2,4,4,4,1,4,5,5,3,6,6,2,7,7,1,7,1,1,7,1,2,2,5,2,2,2,3,3,3,5,4,1,4,3,4,5,3,6,5,5,6,6,6,6,7,2,6,1,6,3,4,1,3,5,8,5,2,2,1,5,6,1,3,1,2,7,3,4,5,2,5,5,6,6,1,2,4,2,2,1,1,7,1,1,6,1,2,3,5,5,2,5,5,7,1,4,8,4,1,6,7,6,5,5,3,1,6,2,6,6,6,1,4,1,3,4,6,2,2,5,1,4,3,7,2,1,2,2,1,4,7,4,4,4,5,2,5,6,3,3,3,3,7,1,2,4,2,2,4,1,4,6,1,6,3,4,3,1,3,3,4,8,4
鳥3,B4,5,3,4,6,1,1,6,4,3,1,3,1,2,4,2,3,1,2,7,7,3,1,6,2,3,1,4,4,3,4,3,4,3,2,5,4,6,5,6,2,7,1,1,3,1,1,2,4,3,2,3,2,4,3,4,6,5,5,4,2,4,4,2,7,4,5,5,4,3,4,6,2,3,4,6,1,3,3,3,2,2,5,2,1,6,3,2,5,2,4,2,2,4,4,4,1,4,5,5,3,6,6,2,7,7,1,7,1,1,7,1,2,2,5,2,2,2,3,3,3,5,4,1,4,3,4,5,3,6,5,5,6,6,6,6,7,2,6,1,6,3,4,1,3,5,8,5,2,3,1,6,7,1,3,1,2,7,3,4,5,2,5,5,6,6,1,2,4,2,2,1,1,8,1,1,6,1,2,3,5,5,3,5,5,7,1,4,1,4,1,6,7,6,5,5,3,1,6,2,7,6,6,1,4,1,3,4,6,2,2,5,1,4,3,7,2,1,2,2,1,4,7,4,5,4,5,2,6,6,3,3,3,3,8,1,2,4,2,2,4,1,4,6,1,6,3,4,3,1,3,3,4,8,4
鳥3,B6,5,3,4,6,1,1,7,4,3,1,3,1,2,5,2,4,1,2,7,7,3,1,6,2,3,1,4,4,3,4,3,4,3,2,6,5,6,5,7,3,8,1,1,3,1,1,2,4,3,2,3,2,4,3,4,6,5,5,4,2,4,4,2,8,4,5,5,4,3,4,6,2,3,4,6,1,3,3,3,2,2,5,2,1,6,3,2,5,2,4,2,2,4,4,4,1,4,5,5,3,6,6,3,7,7,1,7,1,1,7,1,2,2,5,2,2,2,3,3,3,5,4,1,4,3,4,5,3,6,5,5,6,6,6,6,7,2,6,1,6,3,4,1,4,5,1,5,2,3,1,6,7,2,3,1,2,7,3,4,5,2,5,5,6,6,1,2,4,2,2,1,1,8,1,1,6,1,2,3,5,5,3,5,5,7,1,4,1,4,1,6,7,6,5,5,3,1,6,2,7,6,6,1,4,1,3,4,6,2,2,5,1,4,3,7,2,1,2,2,1,4,7,4,5,4,5,2,6,6,3,3,3,3,8,1,2,4,2,2,4,2,4,6,1,6,3,4,3,1,3,3,4,1,4
鳥3,B8,5,3,4,6,1,1,7,4,3,1,3,1,2,5,2,4,1,2,7,7,3,1,6,2,3,1,4,4,3,4,3,4,3,2,6,5,6,5,7,3,8,1,1,3,1,1,2,4,3,2,3,3,4,4,4,6,5,5,4,2,4,4,2,8,5,5,6,4,3,4,7,2,3,4,6,1,3,3,3,2,2,5,2,1,6,3,2,5,2,4,2,3,4,4,4,1,4,5,6,4,6,6,3,7,8,1,7,1,1,7,2,2,2,5,2,2,2,3,3,3,5,4,1,4,3,4,5,3,6,5,5,6,6,6,6,7,2,6,1,6,3,4,2,4,5,1,5,2,3,1,6,7,2,3,1,2,7,3,4,5,2,5,5,6,6,1,2,4,2,2,1,1,1,1,1,6,1,2,3,5,5,3,5,5,7,1,4,1,4,1,6,8,6,5,5,3,1,6,2,7,6,6,1,4,1,3,4,6,2,2,5,1,5,3,7,2,1,2,2,1,4,7,4,5,4,5,2,6,6,3,3,3,3,1,1,2,4,2,2,4,2,4,6,1,7,3,4,3,1,3,3,4,1,4
鳥3,BA,5,3,4,6,1,1,7,4,3,1,3,1,2,5,2,4,1,2,8,7,3,1,6,2,4,1,4,4,3,5,3,4,3,2,6,5,6,5,7,3,1,1,1,3,1,1,2,4,3,2,3,3,4,4,4,6,5,5,4,2,4,4,2,1,5,5,6,4,3,4,7,2,3,4,6,1,3,3,3,2,2,5,2,1,6,3,2,5,2,4,2,3,4,4,4,1,4,5,6,4,6,6,3,7,8,1,7,2,1,7,2,2,2,6,2,3,2,3,3,3,5,4,1,4,3,4,5,3,6,5,5,6,6,6,7,7,2,6,1,6,3,4,2,4,5,1,5,2,3,1,6,7,2,3,1,2,7,3,5,5,2,5,6,6,6,1,2,4,2,2,1,1,1,1,2,6,1,2,3,5,5,3,5,5,7,1,4,1,4,1,6,8,6,5,5,3,1,6,2,7,6,6,1,4,1,3,4,6,2,2,5,1,5,3,8,2,1,3,2,1,4,7,4,5,4,5,2,6,6,3,3,3,3,1,1,2,4,2,2,4,2,4,7,1,7,3,4,3,1,4,3,4,1,4
鳥3,BC,5,3,5,6,1,1,7,4,3,1,3,1,2,5,2,4,1,2,8,7,3,1,6,2,4,1,4,4,3,5,3,4,3,2,6,5,6,5,7,3,1,1,1,3,1,1,2,4,3,2,3,3,4,4,4,6,5,5,4,2,4,4,2,1,5,5,6,4,3,4,7,2,3,4,6,1,3,3,3,2,2,5,2,1,7,3,2,5,2,4,2,3,4,4,4,1,4,5,6,4,6,6,3,7,1,1,8,2,1,7,2,2,2,6,2,3,2,3,3,3,5,4,1,4,4,4,5,3,6,5,5,6,6,6,7,7,2,6,1,6,3,4,2,4,5,1,5,3,3,1,6,7,2,3,1,2,7,3,5,5,2,5,6,6,6,1,2,4,2,2,1,1,1,1,2,6,1,2,3,5,5,3,5,5,8,1,4,1,4,1,6,1,6,5,6,3,1,6,2,7,6,6,1,4,1,3,4,7,2,2,6,1,5,3,8,2,2,3,2,1,4,7,5,5,4,5,2,6,6,3,3,3,4,1,1,3,4,2,2,4,2,4,7,2,7,3,4,3,1,4,3,4,1,4
鳥3,BE,5,3,5,6,1,1,7,4,3,1,3,1,3,5,2,4,1,2,1,8,3,1,6,2,4,1,4,4,3,5,3,4,3,2,6,5,6,5,7,3,1,1,1,3,1,2,2,4,3,2,3,3,4,4,4,6,5,6,4,2,4,4,3,1,5,5,6,4,4,4,7,2,3,4,6,1,3,3,4,2,2,5,2,1,7,3,2,5,2,4,2,3,4,5,4,1,4,5,6,4,6,6,3,7,1,1,8,2,1,7,2,2,2,6,2,3,2,3,3,3,5,4,1,4,4,4,5,3,6,5,5,6,6,6,7,7,2,6,1,7,3,4,2,4,5,1,5,3,3,2,6,7,2,3,1,2,8,3,5,5,2,5,6,6,6,1,2,4,2,2,1,1,1,1,2,6,1,2,3,6,5,3,5,5,8,1,4,1,4,1,6,1,6,5,6,3,1,6,2,7,7,6,1,4,1,3,4,7,2,2,6,1,5,3,1,2,2,3,2,1,4,7,5,5,5,5,2,6,6,3,3,3,4,1,1,3,4,2,2,4,2,4,7,2,7,3,4,3,1,4,3,4,1,4
鳥3,C0,5,3,5,6,1,1,7,4,3,1,3,1,3,5,2,4,1,2,1,8,3,1,7,2,4,1,4,4,4,5,4,4,3,2,6,5,6,5,7,3,1,1,1,3,2,2,2,4,3,2,3,3,4,4,4,6,5,6,4,2,4,4,3,1,5,6,6,5,4,4,7,2,3,4,6,1,3,3,4,2,2,5,2,2,7,3,2,5,2,4,2,3,4,5,4,1,4,5,6,4,6,7,3,8,1,1,1,2,1,7,2,2,2,6,2,3,3,3,3,3,5,4,1,4,4,4,6,3,6,5,5,6,6,6,7,7,3,6,1,7,3,4,2,4,5,1,5,3,3,2,6,7,2,3,1,2,8,3,5,5,2,5,6,6,6,1,2,4,2,2,1,1,1,1,2,6,1,2,3,6,5,3,5,5,1,1,4,1,4,1,6,1,6,5,6,3,1,6,2,7,7,6,1,4,1,3,4,7,2,2,6,1,5,3,1,2,2,3,2,1,4,8,5,5,5,5,2,6,6,3,3,3,4,1,1,3,4,2,2,4,2,4,7,2,7,3,4,3,1,4,3,5,1,4
鳥3,C2,5,3,5,6,1,1,7,4,3,1,3,1,3,5,2,4,1,2,1,1,3,1,7,2,4,1,4,4,4,5,4,4,3,2,6,5,6,5,7,3,1,1,1,3,2,2,2,4,3,2,3,3,4,4,4,6,5,6,4,2,4,4,3,1,5,6,6,5,4,4,7,2,3,4,6,1,3,3,4,2,2,5,3,2,7,3,2,5,2,4,2,3,4,5,4,1,5,5,6,4,6,7,3,8,1,2,1,2,1,8,2,2,2,6,3,3,3,3,3,3,5,4,1,4,4,4,6,3,6,6,5,6,6,7,7,8,3,6,1,7,3,4,2,4,5,1,5,3,3,2,6,7,2,3,1,2,1,3,5,5,2,6,6,6,6,1,2,4,2,2,1,1,1,2,2,6,1,2,4,6,5,3,5,5,1,1,4,1,4,1,6,1,6,5,6,3,1,6,2,7,7,7,1,4,1,3,5,7,2,2,6,1,5,3,1,2,2,3,2,1,4,8,5,5,5,5,2,6,6,3,3,3,4,1,1,3,4,2,2,4,2,4,7,2,7,3,4,3,1,4,4,5,1,4
鳥3,C4,5,3,5,6,1,1,7,4,3,1,3,1,3,5,2,4,1,2,1,1,3,1,7,2,4,2,4,4,4,5,4,4,3,3,6,5,6,5,7,3,1,1,1,4,2,2,2,4,3,2,3,3,4,4,4,6,5,6,4,2,4,4,3,1,5,6,6,5,4,4,7,2,3,4,6,1,3,3,4,2,2,5,3,2,7,3,2,5,2,4,2,3,4,5,4,1,5,5,6,4,6,7,3,1,1,2,1,2,1,8,2,2,2,6,3,3,3,3,3,3,5,4,1,4,4,4,6,3,6,6,5,6,6,7,7,8,3,6,1,7,3,4,2,4,5,1,5,3,3,2,6,8,2,4,1,2,1,3,5,5,2,6,6,6,6,1,2,4,2,2,1,1,1,2,2,7,1,2,4,6,5,3,5,5,1,1,4,1,4,1,6,1,6,6,6,3,1,7,2,8,7,7,1,4,1,3,5,7,2,2,6,2,5,3,1,2,2,3,3,1,4,1,5,5,5,6,2,6,6,3,3,3,4,1,1,3,4,2,2,5,2,4,7,2,7,3,4,3,1,4,4,5,1,5
ゴブ4,C6,6,3,5,6,1,1,8,4,3,1,3,1,3,5,2,4,1,2,1,1,3,1,7,2,4,2,4,4,4,5,4,4,3,3,6,5,7,5,8,3,1,1,1,4,2,2,2,4,3,2,3,3,5,4,4,6,5,6,4,2,5,4,3,1,5,6,6,5,4,4,7,2,3,4,7,1,3,3,4,2,2,5,3,2,7,3,2,5,2,4,2,3,4,5,4,1,5,5,6,4,6,7,3,1,1,2,1,2,1,1,2,2,2,6,3,3,3,3,3,4,5,4,1,4,4,4,6,3,6,6,5,6,6,7,7,1,3,6,1,7,3,4,2,4,5,1,5,3,3,2,6,8,2,4,2,2,1,3,5,5,2,6,6,6,6,1,3,4,2,2,1,1,1,2,2,7,1,2,4,6,6,3,5,5,1,2,4,1,4,1,6,1,6,6,6,3,1,7,2,8,7,7,1,4,1,3,5,7,2,2,6,2,5,3,1,2,2,3,3,1,4,1,5,5,5,6,3,6,6,3,3,4,4,1,1,3,4,2,2,5,2,4,7,2,7,3,4,3,1,4,4,5,1,5
ゴブ4,C8,6,3,5,6,1,1,8,4,3,1,3,1,3,5,2,4,1,3,1,1,3,1,7,2,4,2,4,4,4,5,4,4,3,3,6,5,7,6,8,3,1,1,1,4,2,2,2,4,3,3,3,3,5,4,4,6,5,6,4,2,5,4,3,1,5,6,6,5,4,5,8,2,4,4,7,1,3,4,4,2,2,5,3,2,7,3,2,5,2,4,2,3,5,5,4,1,5,6,6,4,7,7,3,1,1,2,1,2,2,1,2,2,2,6,3,3,3,3,3,4,5,4,1,4,4,4,6,3,7,6,5,6,6,7,7,1,3,6,1,7,3,4,2,4,5,1,5,3,3,2,6,1,2,4,2,2,1,3,5,5,2,6,6,6,6,1,3,4,2,2,1,1,1,2,2,7,1,2,4,6,6,3,5,5,1,2,4,1,4,1,6,1,6,6,6,3,1,7,2,1,7,7,1,4,1,3,5,7,2,2,6,2,5,3,1,2,2,3,3,1,4,1,5,5,5,6,3,6,6,3,3,4,4,1,1,3,4,2,2,5,2,4,7,2,8,3,4,3,2,4,4,5,1,5
ゴブ4,CA,6,3,5,6,1,1,1,5,3,1,3,1,3,5,2,4,1,3,1,1,3,1,7,2,4,2,4,4,4,5,4,4,3,3,6,5,7,6,1,3,1,1,1,4,2,2,2,4,3,3,3,3,5,4,4,6,5,6,4,3,5,4,3,1,5,6,6,5,4,5,8,2,4,4,7,2,3,4,4,2,2,5,3,2,7,3,2,5,3,4,2,3,5,5,4,1,5,6,6,4,7,7,3,1,1,2,1,2,2,1,2,2,2,6,3,3,3,3,3,4,6,4,1,4,4,4,6,4,7,6,5,6,7,7,8,1,3,6,2,7,3,4,2,4,6,1,5,3,3,2,6,1,2,4,2,2,1,3,5,5,2,6,6,6,7,1,3,4,2,2,1,1,1,2,2,7,1,2,4,6,6,3,5,5,1,2,4,1,5,1,6,1,6,6,6,3,1,7,2,1,7,7,1,4,1,3,5,7,2,2,6,2,5,3,1,2,2,3,3,1,4,1,5,5,5,6,3,6,6,3,3,4,4,1,1,3,4,2,2,5,2,4,8,2,8,3,4,4,2,4,4,5,1,5
ゴブ4,CC,6,4,5,6,1,1,1,5,3,1,3,1,3,5,2,4,2,3,1,1,3,1,7,2,4,2,4,4,4,5,4,4,3,3,6,5,7,6,1,3,1,1,1,4,2,2,2,4,4,3,3,3,5,4,4,7,5,6,4,3,5,4,3,1,5,6,6,5,4,5,1,2,4,4,7,2,3,4,4,2,2,5,3,2,8,3,2,6,3,4,2,3,5,5,4,1,5,6,6,4,7,7,3,1,1,2,1,2,2,1,2,2,2,6,3,3,3,3,3,4,6,4,1,4,4,4,6,4,7,6,6,6,7,7,8,1,3,6,2,7,3,5,2,4,6,1,5,3,3,2,6,1,2,4,2,2,1,3,5,5,2,6,6,6,7,1,3,4,2,3,1,1,1,2,2,7,1,3,4,6,6,3,5,5,1,2,4,1,5,1,6,1,6,6,6,3,2,7,2,1,7,7,1,4,1,3,5,8,2,2,6,2,5,3,1,2,2,3,3,1,5,1,5,5,5,6,3,6,7,3,3,4,4,1,1,3,4,2,2,5,2,4,8,2,1,3,4,4,2,4,4,5,1,5
ゴブ4,CE,6,4,5,7,1,1,1,5,3,1,3,2,3,5,2,4,2,3,1,1,3,1,7,3,4,2,4,4,4,5,4,4,3,3,6,5,7,6,1,3,1,1,1,4,2,2,2,4,4,3,3,3,5,4,4,7,6,6,4,3,5,4,3,1,5,6,6,5,4,5,1,2,4,4,7,2,3,4,4,2,2,5,3,2,8,3,2,6,3,4,2,3,5,5,4,1,5,6,6,4,7,7,3,1,1,2,1,2,2,1,2,2,2,6,3,3,3,3,4,4,6,5,1,4,4,4,6,4,7,6,6,6,7,7,1,1,3,6,2,8,3,5,2,4,6,1,6,3,3,2,6,1,2,4,2,2,1,3,5,5,2,6,6,6,7,1,3,4,2,3,1,1,1,2,2,7,1,3,4,6,6,3,5,5,1,2,4,1,5,1,6,1,7,6,6,4,2,7,2,1,8,7,1,4,2,3,5,8,2,3,6,2,5,3,1,2,2,3,3,1,5,1,5,5,5,6,3,6,7,3,3,4,4,1,1,3,4,2,2,5,2,5,1,2,1,3,4,4,2,4,4,5,1,5
ゴブ4,D0,6,4,5,7,1,2,1,5,3,1,4,2,3,5,2,4,2,3,1,1,3,1,8,3,4,2,4,4,4,5,4,5,3,3,6,5,7,6,1,3,1,1,1,4,2,2,2,4,4,3,3,3,5,4,4,7,6,6,4,3,5,4,3,1,5,6,6,5,4,5,1,2,4,4,7,2,3,4,4,2,2,6,3,2,1,3,3,6,3,4,2,3,5,5,4,1,5,6,6,4,7,8,3,1,1,2,1,2,2,1,2,2,2,6,3,3,3,3,4,4,6,5,1,5,4,4,6,4,7,6,6,7,7,7,1,1,3,6,2,8,3,5,2,4,6,1,6,3,3,2,6,1,2,4,2,3,1,3,5,5,2,6,6,6,7,1,3,4,2,3,1,1,1,2,2,7,1,3,4,6,6,3,6,5,1,2,4,1,5,2,7,1,7,6,6,4,2,7,2,1,8,7,1,4,2,3,5,1,2,3,6,2,5,3,1,2,2,3,3,1,5,1,5,5,5,6,3,6,7,4,3,4,4,1,1,3,4,2,2,5,2,5,1,2,1,3,4,4,2,4,4,5,1,5
ゴブ4,D2,6,4,5,7,1,2,1,5,3,1,4,2,3,5,2,4,2,3,1,1,3,1,8,3,4,2,4,4,4,5,4,5,3,3,6,5,7,6,1,3,1,1,1,4,2,2,2,4,4,3,3,3,5,4,4,7,6,6,4,3,5,4,3,1,5,6,6,5,4,5,1,2,4,5,7,2,3,4,4,2,3,6,3,2,1,3,3,6,3,4,2,3,5,5,5,2,5,6,6,4,7,8,3,1,1,2,1,2,2,1,2,2,3,6,3,3,3,3,4,4,6,5,1,5,4,4,6,4,7,6,6,7,7,8,1,1,3,7,2,1,4,5,2,4,6,1,6,3,3,2,6,1,2,4,2,3,1,4,5,6,2,6,6,7,7,1,3,4,2,3,1,2,1,2,2,7,1,3,4,6,6,3,6,6,1,2,4,1,5,2,7,1,7,6,6,4,2,7,2,1,1,8,1,4,2,3,5,1,2,3,6,2,5,3,1,2,2,3,3,1,5,1,5,5,5,6,3,6,7,4,3,4,4,1,1,3,4,2,2,5,2,5,1,2,1,3,4,4,2,4,4,5,1,5
ゴブ4,D4,6,4,5,7,1,2,1,5,4,1,4,2,3,5,2,4,2,3,1,1,3,1,1,3,4,2,4,4,4,5,4,5,3,3,6,5,7,6,1,3,1,1,1,4,2,2,2,4,4,3,3,3,5,4,4,7,6,6,4,3,5,4,3,1,5,6,6,5,4,5,1,2,4,5,7,2,3,4,4,2,3,6,3,2,1,4,3,6,3,4,2,3,5,5,5,2,5,6,6,4,7,1,3,1,1,2,1,2,2,1,2,2,3,6,3,3,3,3,4,4,6,5,1,5,4,5,6,4,7,6,6,7,7,8,1,1,3,7,2,1,4,5,2,4,6,1,6,3,3,2,7,1,2,4,2,3,1,4,5,6,3,6,6,7,7,1,3,4,2,3,1,2,1,2,2,8,2,3,4,6,6,3,6,6,1,2,4,1,5,2,7,1,7,6,6,4,2,8,2,1,1,8,1,5,2,3,5,1,2,3,6,2,5,3,1,3,2,3,3,2,5,1,5,6,5,6,3,7,7,4,3,4,4,1,1,3,4,2,2,5,2,5,1,2,1,3,4,4,2,4,4,5,1,5
ゴブ4,D6,6,4,5,7,2,2,1,5,4,1,4,2,3,6,2,4,2,3,1,1,3,1,1,3,4,2,5,4,4,5,4,5,3,3,7,6,8,6,1,3,1,1,2,4,2,2,3,4,4,3,3,3,5,4,4,7,6,6,4,3,5,4,3,1,5,6,6,5,4,5,1,2,4,5,8,2,4,4,4,2,3,6,3,2,1,4,3,6,3,4,2,3,5,5,5,2,5,6,6,4,7,1,3,1,1,2,1,2,2,1,2,2,3,6,3,3,3,4,4,4,6,5,1,5,4,5,6,4,7,6,6,7,7,1,1,1,3,7,2,1,4,5,2,4,6,1,6,3,3,2,7,1,2,4,2,3,1,4,5,6,3,6,6,7,7,1,3,4,2,3,1,2,1,2,2,8,2,3,4,6,6,3,6,6,1,2,4,1,5,2,7,1,7,6,6,4,2,8,2,1,1,1,1,5,2,3,5,1,3,3,6,2,5,3,1,3,2,3,3,2,5,1,5,6,5,6,3,7,7,4,3,4,4,1,1,3,5,2,2,5,2,5,1,2,1,3,4,4,2,4,4,5,1,5
ゴブ4,D8,6,4,5,7,2,2,1,5,4,1,4,2,3,6,2,4,2,3,1,1,3,1,1,3,4,2,5,4,4,5,4,5,4,3,7,6,8,6,1,3,1,1,2,4,2,2,3,5,4,3,3,3,5,4,4,7,6,6,5,3,5,4,3,1,6,6,7,5,4,5,1,2,4,5,8,2,4,4,4,2,3,6,3,2,1,4,3,6,3,4,3,3,5,5,5,2,5,6,7,4,8,1,3,1,1,2,1,2,2,1,2,2,3,6,3,3,3,4,4,4,6,5,2,5,4,5,6,4,8,6,6,7,7,1,1,1,3,7,2,1,4,5,2,4,6,1,6,3,3,2,7,1,2,4,2,3,1,4,5,6,3,6,6,7,7,2,3,4,2,3,1,2,1,2,2,1,2,3,4,6,6,3,6,6,1,2,4,1,5,2,7,1,7,6,6,4,2,1,2,1,1,1,1,5,2,3,5,1,3,3,6,2,6,4,1,3,2,3,3,2,5,1,5,6,5,6,3,7,7,4,3,4,4,1,1,3,5,3,2,5,2,5,1,2,1,3,4,4,2,4,4,5,1,5
ゴブ4,DA,6,4,5,7,2,2,1,5,4,1,4,2,3,6,2,4,2,3,1,1,4,1,1,3,4,2,5,4,4,6,4,5,4,3,7,6,1,6,1,3,1,1,2,4,2,2,3,5,4,3,3,3,5,4,4,7,6,6,5,3,5,5,3,1,6,6,7,5,4,5,1,2,4,5,1,2,4,4,4,3,3,6,3,2,1,4,3,6,3,4,3,3,5,5,5,2,5,6,7,4,8,1,3,1,1,2,1,2,2,1,2,3,3,7,3,3,3,4,4,4,6,5,2,5,4,5,6,4,8,6,6,7,8,1,1,1,3,7,2,1,4,5,2,4,6,1,6,3,3,2,7,1,2,4,2,3,1,4,6,6,3,6,7,7,8,2,3,4,2,3,2,2,1,2,2,1,2,3,4,6,6,3,6,6,1,2,5,1,5,2,7,1,7,6,6,4,2,1,2,1,1,1,2,5,2,3,5,1,3,3,6,2,6,4,1,3,2,3,3,2,5,1,5,6,5,6,3,7,7,4,3,4,4,1,1,3,5,3,2,5,2,5,1,2,1,4,4,4,2,4,4,5,1,5
ゴブ4,DC,6,4,6,7,2,2,1,5,4,2,4,2,3,6,2,4,2,3,1,1,4,1,1,3,4,2,5,5,4,6,4,5,4,3,7,6,1,6,1,3,1,1,2,4,2,2,3,5,4,3,3,3,5,4,4,8,6,6,5,3,5,5,3,1,6,6,7,5,4,5,1,2,4,5,1,2,4,4,4,3,3,6,3,2,1,4,3,6,3,4,3,3,5,5,5,2,5,6,7,4,1,1,3,1,1,2,1,2,2,1,2,3,3,7,3,3,3,4,4,4,6,5,2,5,4,5,6,4,1,6,6,7,8,1,1,1,3,7,2,1,4,5,2,4,6,1,6,3,3,2,7,1,2,4,2,3,1,4,6,6,3,6,7,7,8,2,3,4,3,3,2,2,1,2,2,1,2,3,4,6,6,3,6,6,1,2,5,1,5,2,7,1,7,6,7,4,2,1,2,1,1,1,2,5,2,4,5,1,3,3,7,2,6,4,1,3,2,3,3,2,5,1,6,6,5,6,3,7,8,4,4,4,4,1,2,3,5,3,3,5,2,5,1,2,1,4,5,4,2,4,4,5,1,5
ゴブ4,DE,6,4,6,8,2,2,1,5,4,2,4,2,3,6,2,4,2,3,1,1,4,1,1,3,4,2,5,5,4,6,4,5,4,3,7,6,1,6,1,3,1,2,2,4,2,2,3,5,4,3,4,3,5,4,5,8,6,7,5,3,5,5,3,1,6,6,7,5,4,5,1,3,4,5,1,2,4,4,4,3,3,6,3,2,1,4,3,6,3,4,3,3,5,6,5,2,5,6,7,4,1,1,3,1,1,2,1,2,2,1,2,3,3,7,3,3,3,4,4,4,6,5,2,5,4,5,6,4,1,6,6,7,1,1,1,1,3,7,2,1,4,5,2,4,6,1,6,3,4,2,7,1,2,4,2,3,1,4,6,6,3,6,7,7,1,2,3,5,3,3,2,2,1,2,2,1,2,3,4,7,6,3,6,6,1,2,5,2,5,2,7,1,8,6,7,4,2,1,3,1,1,1,2,5,2,4,5,1,3,3,7,2,6,4,1,3,2,3,3,2,5,1,6,6,6,6,3,7,8,4,4,4,4,1,2,3,5,3,3,5,2,5,1,2,1,4,5,4,2,4,4,5,1,5
ゴブ4,E0,6,4,6,8,2,2,1,5,4,2,4,2,3,6,3,4,2,3,1,1,4,2,1,3,4,2,5,5,4,6,4,5,4,3,7,6,1,6,1,4,1,2,2,4,2,2,3,5,4,3,4,3,5,4,5,1,6,7,5,3,5,5,3,1,6,7,7,6,4,5,1,3,4,5,1,2,4,4,4,3,3,6,3,2,1,4,3,6,3,5,3,3,5,6,5,2,5,6,7,4,1,1,3,1,1,2,1,2,2,1,2,3,3,7,3,3,3,4,4,4,6,5,2,5,4,5,7,4,1,6,6,8,1,1,1,1,3,7,2,1,4,5,2,5,6,1,6,3,4,2,7,1,2,4,2,3,1,4,6,6,3,6,7,7,1,2,3,5,3,3,2,2,1,2,2,1,2,3,4,7,6,4,6,6,1,2,5,2,5,2,8,1,8,6,7,4,2,1,3,1,1,1,2,5,2,4,5,1,3,3,7,2,6,4,1,3,2,3,3,2,5,1,6,6,6,6,3,7,1,4,4,4,4,1,2,3,5,3,3,5,3,5,1,2,1,4,5,4,2,4,4,6,2,5
ゴブ4,E2,6,4,6,1,2,2,1,5,4,2,4,2,3,6,3,5,2,3,1,1,4,2,1,3,4,2,5,5,4,6,4,5,4,3,7,6,1,6,1,4,1,2,2,4,2,2,3,5,4,3,4,3,5,5,5,1,6,7,5,3,5,5,3,1,6,7,7,6,4,5,1,3,4,5,1,2,4,4,4,3,3,6,3,2,1,4,3,6,3,5,3,4,5,6,5,2,6,6,7,4,1,1,4,1,1,2,1,2,2,1,3,3,3,7,3,3,3,4,4,4,6,5,2,5,4,5,7,4,1,7,6,8,1,1,1,1,3,8,2,1,4,5,2,5,6,2,6,3,4,2,7,1,3,4,2,3,1,4,6,6,3,7,7,8,1,2,3,5,3,3,2,2,2,2,2,1,2,3,4,7,6,4,6,6,1,2,5,2,5,2,8,1,1,6,7,4,2,1,3,1,1,1,2,5,2,4,6,1,3,3,7,2,6,4,1,3,2,3,3,2,5,1,6,6,6,6,3,7,1,4,4,4,4,1,2,3,5,3,3,5,3,5,1,2,1,4,5,4,2,4,4,6,2,5
ゴブ4,E4,6,4,6,1,2,2,1,5,4,2,4,2,3,6,3,5,2,3,1,1,4,2,1,3,4,2,5,5,4,6,4,5,4,3,7,6,1,6,1,4,1,2,2,4,2,2,3,5,4,3,4,4,5,5,5,1,6,7,5,3,5,5,3,2,6,7,7,6,4,5,1,3,4,5,1,2,4,4,4,3,3,6,3,2,1,4,3,6,3,5,3,4,5,6,5,2,6,6,7,5,1,1,4,1,1,2,1,2,2,1,3,3,3,7,3,3,3,4,4,4,6,5,2,5,4,5,7,4,1,7,6,1,1,1,1,1,3,8,2,1,4,5,3,5,6,2,6,3,4,2,8,1,3,4,2,3,1,4,6,6,3,7,7,8,1,2,3,5,3,3,2,2,2,2,3,1,2,3,4,7,6,4,6,6,1,2,5,2,5,2,1,1,1,7,7,4,2,1,3,1,1,1,2,5,2,4,6,1,3,3,7,2,6,4,1,3,2,4,3,2,5,1,6,6,6,7,3,8,1,4,4,4,4,2,2,3,5,3,3,6,3,5,1,2,1,4,5,4,2,5,4,6,2,6
ゴブ3針鼠1_2,E6,7,4,6,1,2,2,1,5,4,2,4,2,3,6,3,5,2,3,1,1,4,2,1,3,5,2,5,5,4,6,4,5,4,3,8,6,1,6,1,4,2,2,2,4,2,2,3,5,4,3,4,4,6,5,5,1,6,7,5,3,6,5,3,2,6,7,7,6,4,5,1,3,4,5,1,2,4,4,4,3,3,6,3,2,1,4,3,6,3,5,3,4,5,6,5,2,6,6,7,5,1,1,4,1,1,2,1,3,2,1,3,3,3,7,3,4,3,4,4,4,6,5,2,5,4,5,7,4,1,7,6,1,1,1,1,1,3,1,2,1,4,5,3,5,6,2,6,4,4,2,8,1,3,4,2,3,1,4,6,6,3,7,7,1,1,2,3,5,3,3,2,2,2,2,3,1,2,3,4,7,7,4,6,6,1,2,5,2,5,2,1,2,1,7,7,4,2,1,3,1,1,1,2,5,2,4,6,1,3,3,7,2,6,4,1,3,3,4,3,2,5,1,6,6,6,7,3,8,1,4,4,4,5,2,2,3,5,3,3,6,3,5,1,2,1,4,5,4,2,5,4,6,2,6
ゴブ3針鼠1_2,E8,7,4,6,1,2,2,1,5,4,2,4,2,4,6,3,5,2,3,2,1,4,2,1,3,5,2,5,5,4,6,4,5,4,3,8,6,1,7,1,4,2,2,2,4,2,3,3,5,4,3,4,4,6,5,5,1,6,7,5,3,6,5,3,2,6,7,8,6,5,6,1,3,4,5,1,2,4,4,4,3,3,6,3,2,1,4,3,6,3,5,3,4,6,6,5,2,6,7,8,5,1,1,4,1,2,2,1,3,2,1,3,3,3,7,3,4,3,4,4,4,6,5,2,5,5,5,7,4,1,7,6,1,1,1,1,1,3,1,2,1,4,5,3,5,6,2,6,4,4,2,1,1,3,4,2,3,1,4,6,6,3,7,7,1,1,2,3,5,3,3,2,2,2,2,3,1,2,3,4,7,7,4,6,6,1,2,5,2,5,2,1,2,1,7,7,4,2,1,3,1,1,1,2,5,2,4,6,1,3,3,7,2,6,4,1,3,3,4,3,2,5,1,6,6,6,7,3,1,1,4,4,4,5,2,2,4,5,3,3,6,3,5,1,3,1,4,5,4,2,5,4,6,2,6
ゴブ3針鼠1_2,EA,7,4,6,1,2,2,1,6,4,2,4,2,4,6,3,5,2,3,2,1,4,2,1,3,5,2,5,5,5,6,4,5,4,3,1,6,1,7,1,4,2,2,2,4,3,3,3,5,4,3,4,4,6,5,5,1,6,7,5,3,6,5,4,2,6,7,8,6,5,6,1,3,4,5,1,2,4,4,5,3,3,6,3,2,1,4,3,6,3,5,3,4,6,6,5,2,6,7,8,5,1,1,4,1,2,2,1,3,2,1,3,3,3,8,3,4,3,4,4,4,7,5,2,5,5,5,7,4,1,7,6,1,1,1,1,1,4,1,2,1,4,5,3,5,7,2,6,4,4,3,1,1,3,4,2,3,1,4,6,6,3,7,8,1,1,2,3,5,3,3,2,2,2,2,3,1,2,3,4,7,7,4,6,6,2,2,5,2,6,2,1,2,1,7,7,4,2,1,3,1,1,1,2,5,2,4,6,1,3,3,7,2,6,4,2,3,3,4,3,2,5,1,6,6,6,7,3,1,1,4,4,4,5,2,2,4,5,3,3,6,3,5,1,3,1,4,5,4,2,5,4,6,2,6
ゴブ3針鼠1_2,EC,7,4,6,1,2,2,1,6,4,2,4,2,4,6,3,5,2,3,2,1,4,2,1,3,5,2,5,5,5,6,5,5,4,3,1,6,1,7,1,4,2,2,2,4,3,3,3,5,4,3,4,4,6,5,5,1,6,7,5,3,6,5,4,2,6,7,1,6,5,6,1,3,4,5,1,2,4,4,5,3,3,6,4,3,1,4,3,7,3,5,3,4,6,6,5,2,6,7,1,5,1,1,4,1,2,2,2,3,2,1,3,3,3,8,3,4,4,4,4,4,7,5,2,5,5,5,7,4,1,7,7,1,1,1,1,1,4,1,2,1,4,6,3,5,7,2,6,4,4,3,1,1,3,4,2,3,2,4,6,6,3,7,8,1,1,2,3,5,3,3,2,2,2,3,3,1,2,3,4,7,7,4,6,6,2,2,5,2,6,2,1,2,1,7,8,4,2,1,3,1,1,1,2,5,2,4,6,1,3,3,8,2,6,4,2,3,3,4,3,2,6,1,6,6,6,7,3,1,1,4,4,4,5,2,2,4,5,3,3,6,3,5,1,3,1,4,5,4,2,5,5,6,2,6
ゴブ3針鼠1_2,EE,7,4,6,1,2,2,1,6,4,2,4,2,4,6,3,5,2,3,2,2,4,2,1,3,5,3,5,5,5,6,5,5,4,4,1,6,1,7,1,4,2,2,2,5,3,3,3,5,4,3,4,4,6,5,5,1,7,8,5,3,6,5,4,2,6,7,1,6,5,6,1,3,4,5,1,2,4,4,5,3,3,6,4,3,1,4,3,7,3,5,3,4,6,6,5,2,6,7,1,5,1,1,4,1,2,3,2,3,2,1,3,3,3,1,4,4,4,4,4,4,7,6,2,5,5,5,7,4,1,7,7,1,1,1,1,1,4,1,2,1,4,6,3,5,7,2,7,4,4,3,1,1,3,4,2,3,2,4,6,6,3,7,1,1,1,2,3,5,3,3,2,2,2,3,3,1,2,3,5,8,7,4,6,6,2,2,5,2,6,2,1,2,1,7,8,4,2,1,3,1,1,1,2,5,2,4,6,1,3,3,8,2,6,4,2,3,3,4,3,2,6,2,6,6,6,7,3,1,1,4,4,4,5,2,2,4,5,3,3,6,3,6,1,3,1,4,5,4,2,5,5,6,2,6
ゴブ3針鼠1_2,F0,7,4,6,1,2,2,1,6,4,2,4,2,4,6,3,5,2,3,2,2,4,2,1,3,5,3,5,5,5,6,5,6,4,4,1,6,1,7,1,4,2,2,2,5,3,3,3,5,4,3,4,4,6,5,5,1,7,8,5,3,6,5,4,2,6,8,1,6,5,6,1,3,4,5,1,2,4,4,5,3,3,7,4,3,1,4,3,7,3,5,3,4,6,6,5,2,6,7,1,5,1,1,4,2,2,3,2,3,2,1,3,3,3,1,4,4,4,4,4,5,7,6,2,6,5,5,8,4,1,7,7,1,1,1,1,2,4,1,2,1,4,6,3,5,7,2,7,4,4,3,1,1,3,5,3,3,2,4,6,6,3,7,1,1,1,2,3,5,3,3,2,2,2,3,3,1,2,3,5,8,7,4,7,6,2,2,5,2,6,2,1,2,1,7,1,4,2,1,3,1,1,1,2,5,2,4,6,1,3,3,1,3,6,4,2,3,3,4,4,2,6,2,6,6,6,7,4,1,1,4,4,4,5,2,2,4,5,3,3,6,3,6,1,3,1,4,5,4,2,5,5,6,2,6
ゴブ3針鼠1_2,F2,7,4,6,1,2,2,1,6,4,2,4,2,4,6,3,5,2,4,2,2,4,2,1,3,5,3,5,5,5,6,5,6,4,4,1,6,1,7,1,4,2,2,2,5,3,3,3,5,4,3,4,4,6,5,5,1,7,1,5,3,6,5,4,2,6,8,1,6,5,6,1,3,5,6,1,2,4,4,5,3,3,7,4,3,1,4,3,7,3,5,3,4,6,6,6,2,6,7,1,5,1,1,4,2,2,3,2,3,3,2,3,3,3,1,4,4,4,4,4,5,7,6,2,6,5,5,8,4,1,8,7,1,1,1,1,2,4,1,2,1,4,6,3,5,7,2,7,4,4,3,1,1,3,5,3,3,2,4,6,7,3,8,1,1,1,2,4,5,3,3,2,2,2,3,3,1,2,3,5,1,7,4,7,7,2,3,5,2,6,2,1,2,1,7,1,4,2,1,3,2,1,1,2,5,2,4,6,1,3,3,1,3,6,4,2,3,3,4,4,2,6,2,6,6,6,7,4,1,1,4,4,5,5,2,2,4,5,3,3,6,3,6,1,3,1,4,5,4,2,5,5,6,2,6
ゴブ3針鼠1_2,F4,7,4,6,1,2,2,2,6,4,2,4,2,4,6,3,5,2,4,2,2,4,2,1,3,5,3,5,5,5,6,5,6,4,4,1,6,1,7,1,4,2,2,2,5,3,3,3,5,4,4,4,4,6,5,5,1,7,1,5,3,6,5,4,2,6,1,1,6,5,6,1,3,5,6,1,2,4,5,5,3,3,7,4,3,1,4,3,7,4,5,3,4,6,6,6,2,6,7,1,5,1,1,4,2,2,3,2,3,3,2,3,3,3,1,4,4,4,4,4,5,7,6,2,6,5,6,1,4,1,8,7,1,1,1,1,2,4,1,3,1,4,6,3,5,7,2,7,4,4,3,1,2,3,5,3,3,2,4,6,7,3,8,1,1,1,2,4,5,3,3,2,2,2,3,3,1,2,3,5,1,7,4,7,7,2,3,5,2,6,2,1,2,1,8,1,4,2,1,3,2,1,1,2,6,2,4,6,1,3,3,1,3,6,4,2,3,3,4,4,2,6,2,6,7,6,8,4,1,1,4,4,5,5,2,2,4,5,3,3,6,3,6,1,3,1,4,5,5,3,5,5,6,2,6
ゴブ6,F6,8,5,6,1,2,2,2,6,4,2,4,2,4,7,3,5,3,4,2,2,4,2,1,3,5,3,6,5,5,6,5,6,4,4,1,7,1,7,2,4,2,2,2,5,3,3,3,5,4,4,4,4,6,5,5,1,7,1,5,4,6,5,4,2,6,1,1,6,5,6,2,3,5,6,1,3,4,5,5,3,3,7,4,3,1,4,3,7,4,5,3,4,6,6,6,2,6,7,1,5,1,1,4,2,2,3,2,3,3,2,3,3,3,1,4,4,4,4,4,5,7,6,2,6,5,6,1,5,1,1,7,1,1,1,1,2,4,1,3,1,4,6,3,5,7,2,7,4,4,3,1,2,3,5,3,3,2,4,6,7,3,1,1,1,1,2,4,5,3,4,2,2,2,3,3,1,2,3,5,1,8,4,7,7,2,3,5,2,6,2,1,2,1,8,1,4,2,1,3,2,1,1,2,6,2,4,6,1,3,3,1,3,6,4,2,3,3,4,4,2,6,2,6,7,6,8,4,1,1,4,4,5,5,2,2,4,6,3,3,6,3,6,1,3,1,4,5,5,3,5,5,6,2,6
ゴブ6,F8,8,5,6,1,2,2,2,6,4,2,4,3,4,7,3,5,3,4,2,2,4,2,1,3,5,3,6,5,5,6,5,6,4,4,1,7,1,8,2,4,2,2,2,5,3,3,3,6,5,4,4,4,6,5,5,1,7,1,6,4,6,5,4,2,7,1,1,6,5,6,2,3,5,6,1,3,4,5,5,3,3,7,4,3,1,4,3,7,4,5,3,4,6,6,6,2,6,8,1,5,1,1,4,2,2,3,2,3,3,2,3,3,3,1,4,4,4,4,5,5,7,6,2,6,5,6,1,5,1,1,7,1,1,1,2,2,4,1,3,1,4,6,3,5,7,2,7,4,4,3,1,2,3,5,3,3,2,4,6,7,3,1,1,1,1,2,4,5,3,4,2,2,2,3,3,1,2,4,5,1,8,4,7,7,2,3,5,2,6,2,1,2,1,1,1,4,3,1,3,2,1,1,2,6,2,4,6,1,3,4,1,3,7,4,2,3,3,4,4,2,6,2,6,7,6,1,4,1,1,4,4,5,5,2,2,4,6,3,3,6,3,6,1,3,2,4,5,5,3,5,5,6,2,6
